analysis,cost,representation,score,cost_value,pareto_dominated,dominated_by
polyvore_cp,latency_ms,resnet50,0.6937498134378515,1.9758718752200368,True,marqo_fashionsiglip
polyvore_cp,latency_ms,dinov3_vitl16,0.7822002866327329,3.1449734375200933,True,fashionclip2;marqo_fashionsiglip
polyvore_cp,latency_ms,clip_vitl14_336,0.8883028123619103,9.313161562567984,True,siglip2_b16_384;marqo_fashionsiglip
polyvore_cp,latency_ms,siglip2_b16_384,0.8891665373198181,5.881999062512477,True,marqo_fashionsiglip
polyvore_cp,latency_ms,fashionclip2,0.8689566926513539,2.2822931246992084,True,marqo_fashionsiglip
polyvore_cp,latency_ms,marqo_fashionsiglip,0.8896760907759992,1.9074093748713492,False,
polyvore_cp,latency_ms,gr_lite,0.8276769005625799,6.827905625141284,True,siglip2_b16_384;fashionclip2;marqo_fashionsiglip
polyvore_cp,gflops,resnet50,0.6937498134378515,8.174272512,False,
polyvore_cp,gflops,dinov3_vitl16,0.7822002866327329,125.679796224,True,siglip2_b16_384;fashionclip2;marqo_fashionsiglip
polyvore_cp,gflops,clip_vitl14_336,0.8883028123619103,381.919789056,True,siglip2_b16_384;marqo_fashionsiglip
polyvore_cp,gflops,siglip2_b16_384,0.8891665373198181,112.127311872,True,marqo_fashionsiglip
polyvore_cp,gflops,fashionclip2,0.8689566926513539,8.81762304,False,
polyvore_cp,gflops,marqo_fashionsiglip,0.8896760907759992,35.416584192,False,
polyvore_cp,gflops,gr_lite,0.8276769005625799,289.622851584,True,siglip2_b16_384;fashionclip2;marqo_fashionsiglip
polyvore_cp,peak_vram_mb,resnet50,0.6937498134378515,763.66162109375,True,fashionclip2;marqo_fashionsiglip
polyvore_cp,peak_vram_mb,dinov3_vitl16,0.7822002866327329,885.22412109375,True,fashionclip2;marqo_fashionsiglip
polyvore_cp,peak_vram_mb,clip_vitl14_336,0.8883028123619103,2029.0966796875,True,siglip2_b16_384;marqo_fashionsiglip
polyvore_cp,peak_vram_mb,siglip2_b16_384,0.8891665373198181,1442.9287109375,True,marqo_fashionsiglip
polyvore_cp,peak_vram_mb,fashionclip2,0.8689566926513539,400.79248046875,False,
polyvore_cp,peak_vram_mb,marqo_fashionsiglip,0.8896760907759992,651.1904296875,False,
polyvore_cp,peak_vram_mb,gr_lite,0.8276769005625799,1686.69140625,True,siglip2_b16_384;fashionclip2;marqo_fashionsiglip
polyvore_fitb,latency_ms,resnet50,0.4062871483291507,1.9758718752200368,True,marqo_fashionsiglip
polyvore_fitb,latency_ms,dinov3_vitl16,0.5048210276053362,3.1449734375200933,True,fashionclip2;marqo_fashionsiglip
polyvore_fitb,latency_ms,clip_vitl14_336,0.6499801875577863,9.313161562567984,True,siglip2_b16_384
polyvore_fitb,latency_ms,siglip2_b16_384,0.6528199709417514,5.881999062512477,False,
polyvore_fitb,latency_ms,fashionclip2,0.6174877823273015,2.2822931246992084,True,marqo_fashionsiglip
polyvore_fitb,latency_ms,marqo_fashionsiglip,0.6479329018623695,1.9074093748713492,False,
polyvore_fitb,latency_ms,gr_lite,0.5573239994716682,6.827905625141284,True,siglip2_b16_384;fashionclip2;marqo_fashionsiglip
polyvore_fitb,gflops,resnet50,0.4062871483291507,8.174272512,False,
polyvore_fitb,gflops,dinov3_vitl16,0.5048210276053362,125.679796224,True,siglip2_b16_384;fashionclip2;marqo_fashionsiglip
polyvore_fitb,gflops,clip_vitl14_336,0.6499801875577863,381.919789056,True,siglip2_b16_384
polyvore_fitb,gflops,siglip2_b16_384,0.6528199709417514,112.127311872,False,
polyvore_fitb,gflops,fashionclip2,0.6174877823273015,8.81762304,False,
polyvore_fitb,gflops,marqo_fashionsiglip,0.6479329018623695,35.416584192,False,
polyvore_fitb,gflops,gr_lite,0.5573239994716682,289.622851584,True,siglip2_b16_384;fashionclip2;marqo_fashionsiglip
polyvore_fitb,peak_vram_mb,resnet50,0.4062871483291507,763.66162109375,True,fashionclip2;marqo_fashionsiglip
polyvore_fitb,peak_vram_mb,dinov3_vitl16,0.5048210276053362,885.22412109375,True,fashionclip2;marqo_fashionsiglip
polyvore_fitb,peak_vram_mb,clip_vitl14_336,0.6499801875577863,2029.0966796875,True,siglip2_b16_384
polyvore_fitb,peak_vram_mb,siglip2_b16_384,0.6528199709417514,1442.9287109375,False,
polyvore_fitb,peak_vram_mb,fashionclip2,0.6174877823273015,400.79248046875,False,
polyvore_fitb,peak_vram_mb,marqo_fashionsiglip,0.6479329018623695,651.1904296875,False,
polyvore_fitb,peak_vram_mb,gr_lite,0.5573239994716682,1686.69140625,True,siglip2_b16_384;fashionclip2;marqo_fashionsiglip
iqon_cp,latency_ms,resnet50,0.5852339636446411,1.9758718752200368,True,marqo_fashionsiglip
iqon_cp,latency_ms,dinov3_vitl16,0.6418802882739334,3.1449734375200933,True,fashionclip2;marqo_fashionsiglip
iqon_cp,latency_ms,clip_vitl14_336,0.7042432549102497,9.313161562567984,True,marqo_fashionsiglip
iqon_cp,latency_ms,siglip2_b16_384,0.7031073361082206,5.881999062512477,True,marqo_fashionsiglip
iqon_cp,latency_ms,fashionclip2,0.6980518868691467,2.2822931246992084,True,marqo_fashionsiglip
iqon_cp,latency_ms,marqo_fashionsiglip,0.7221429476131634,1.9074093748713492,False,
iqon_cp,latency_ms,gr_lite,0.6510790111212278,6.827905625141284,True,siglip2_b16_384;fashionclip2;marqo_fashionsiglip
iqon_cp,gflops,resnet50,0.5852339636446411,8.174272512,False,
iqon_cp,gflops,dinov3_vitl16,0.6418802882739334,125.679796224,True,siglip2_b16_384;fashionclip2;marqo_fashionsiglip
iqon_cp,gflops,clip_vitl14_336,0.7042432549102497,381.919789056,True,marqo_fashionsiglip
iqon_cp,gflops,siglip2_b16_384,0.7031073361082206,112.127311872,True,marqo_fashionsiglip
iqon_cp,gflops,fashionclip2,0.6980518868691467,8.81762304,False,
iqon_cp,gflops,marqo_fashionsiglip,0.7221429476131634,35.416584192,False,
iqon_cp,gflops,gr_lite,0.6510790111212278,289.622851584,True,siglip2_b16_384;fashionclip2;marqo_fashionsiglip
iqon_cp,peak_vram_mb,resnet50,0.5852339636446411,763.66162109375,True,fashionclip2;marqo_fashionsiglip
iqon_cp,peak_vram_mb,dinov3_vitl16,0.6418802882739334,885.22412109375,True,fashionclip2;marqo_fashionsiglip
iqon_cp,peak_vram_mb,clip_vitl14_336,0.7042432549102497,2029.0966796875,True,marqo_fashionsiglip
iqon_cp,peak_vram_mb,siglip2_b16_384,0.7031073361082206,1442.9287109375,True,marqo_fashionsiglip
iqon_cp,peak_vram_mb,fashionclip2,0.6980518868691467,400.79248046875,False,
iqon_cp,peak_vram_mb,marqo_fashionsiglip,0.7221429476131634,651.1904296875,False,
iqon_cp,peak_vram_mb,gr_lite,0.6510790111212278,1686.69140625,True,siglip2_b16_384;fashionclip2;marqo_fashionsiglip
iqon_fitb,latency_ms,resnet50,0.3166129032258064,1.9758718752200368,True,marqo_fashionsiglip
iqon_fitb,latency_ms,dinov3_vitl16,0.366008064516129,3.1449734375200933,True,fashionclip2;marqo_fashionsiglip
iqon_fitb,latency_ms,clip_vitl14_336,0.4364112903225806,9.313161562567984,True,marqo_fashionsiglip
iqon_fitb,latency_ms,siglip2_b16_384,0.4330241935483871,5.881999062512477,True,marqo_fashionsiglip
iqon_fitb,latency_ms,fashionclip2,0.4275,2.2822931246992084,True,marqo_fashionsiglip
iqon_fitb,latency_ms,marqo_fashionsiglip,0.4450806451612903,1.9074093748713492,False,
iqon_fitb,latency_ms,gr_lite,0.3831854838709677,6.827905625141284,True,siglip2_b16_384;fashionclip2;marqo_fashionsiglip
iqon_fitb,gflops,resnet50,0.3166129032258064,8.174272512,False,
iqon_fitb,gflops,dinov3_vitl16,0.366008064516129,125.679796224,True,siglip2_b16_384;fashionclip2;marqo_fashionsiglip
iqon_fitb,gflops,clip_vitl14_336,0.4364112903225806,381.919789056,True,marqo_fashionsiglip
iqon_fitb,gflops,siglip2_b16_384,0.4330241935483871,112.127311872,True,marqo_fashionsiglip
iqon_fitb,gflops,fashionclip2,0.4275,8.81762304,False,
iqon_fitb,gflops,marqo_fashionsiglip,0.4450806451612903,35.416584192,False,
iqon_fitb,gflops,gr_lite,0.3831854838709677,289.622851584,True,siglip2_b16_384;fashionclip2;marqo_fashionsiglip
iqon_fitb,peak_vram_mb,resnet50,0.3166129032258064,763.66162109375,True,fashionclip2;marqo_fashionsiglip
iqon_fitb,peak_vram_mb,dinov3_vitl16,0.366008064516129,885.22412109375,True,fashionclip2;marqo_fashionsiglip
iqon_fitb,peak_vram_mb,clip_vitl14_336,0.4364112903225806,2029.0966796875,True,marqo_fashionsiglip
iqon_fitb,peak_vram_mb,siglip2_b16_384,0.4330241935483871,1442.9287109375,True,marqo_fashionsiglip
iqon_fitb,peak_vram_mb,fashionclip2,0.4275,400.79248046875,False,
iqon_fitb,peak_vram_mb,marqo_fashionsiglip,0.4450806451612903,651.1904296875,False,
iqon_fitb,peak_vram_mb,gr_lite,0.3831854838709677,1686.69140625,True,siglip2_b16_384;fashionclip2;marqo_fashionsiglip
