dataset,task,subgroup_type,subgroup,n,min,max,mean
iqon3000_clean,CP,contains_category,<missing>,1000,0.6525880000000001,0.8501,0.7890305714285715
iqon3000_clean,CP,contains_category,Tシャツ,6454,0.6080333573757754,0.7498898308152788,0.6926969988477764
iqon3000_clean,CP,contains_category,アクセサリー,244,0.5805563020693362,0.7758667024993281,0.7013571620532115
iqon3000_clean,CP,contains_category,アンダーウェア,228,0.6628193290243152,0.8363342566943675,0.7808996174647145
iqon3000_clean,CP,contains_category,インテリア,526,0.6384941230898236,0.7801905477887494,0.7423246995454198
iqon3000_clean,CP,contains_category,カーディガン,2912,0.5791521536499216,0.712119139445719,0.6644657803685717
iqon3000_clean,CP,contains_category,キャップ,1584,0.6776245727476787,0.7865763059891847,0.7384088449429358
iqon3000_clean,CP,contains_category,クラッチバッグ,5264,0.5904598881200285,0.7356793809646991,0.6853797828951798
iqon3000_clean,CP,contains_category,コスメ,1572,0.6188919967108883,0.7592117786453781,0.7156779907930773
iqon3000_clean,CP,contains_category,コート,6724,0.6026922924479459,0.756539388858435,0.7026747206959723
iqon3000_clean,CP,contains_category,サングラス,2016,0.599788989669942,0.7331664147140338,0.6856967530729223
iqon3000_clean,CP,contains_category,サンダル,7022,0.6071864630841215,0.7752930307084679,0.7148283911083999
iqon3000_clean,CP,contains_category,ショルダーバッグ,9372,0.585282638288896,0.7431609015439784,0.6953515769925753
iqon3000_clean,CP,contains_category,ショートパンツ,2752,0.5945966358504597,0.7320685378921039,0.6801699715217685
iqon3000_clean,CP,contains_category,ジャケット,4344,0.603777696380181,0.7718563145881451,0.7142616856424814
iqon3000_clean,CP,contains_category,スカート,10548,0.5835681700096739,0.7415745331776191,0.6872150068134685
iqon3000_clean,CP,contains_category,ストール,2954,0.6023215827064412,0.7731792701357625,0.7142466525607892
iqon3000_clean,CP,contains_category,スニーカー,5912,0.611271185781173,0.749923494518614,0.6962011149674574
iqon3000_clean,CP,contains_category,タンクトップ,3390,0.5793988914123616,0.7088170134266147,0.6666251225997486
iqon3000_clean,CP,contains_category,ダウンジャケット,484,0.6270746533706714,0.7684755139676251,0.7147930957096997
iqon3000_clean,CP,contains_category,チュニック,320,0.5512109374999999,0.7409765625,0.6819921874999999
iqon3000_clean,CP,contains_category,トップス,3024,0.606288142829148,0.729052063212116,0.6815942352837666
iqon3000_clean,CP,contains_category,トートバッグ,5620,0.6107650612327604,0.767846405187371,0.7136868019836194
iqon3000_clean,CP,contains_category,ニット,7678,0.5921084459605938,0.7311678492509222,0.6865714981102151
iqon3000_clean,CP,contains_category,ニット帽,1110,0.6275659443227011,0.7437026215404594,0.7024937678991733
iqon3000_clean,CP,contains_category,ネイル,408,0.6466503267973858,0.7656430219146482,0.7197987037952436
iqon3000_clean,CP,contains_category,ネックレス,8532,0.586868107908035,0.7568093940047331,0.7020981936504734
iqon3000_clean,CP,contains_category,ハット,3502,0.6011576643321381,0.7806721198068755,0.7110020279091326
iqon3000_clean,CP,contains_category,ハンドバッグ,2922,0.586345601659576,0.7585282599702696,0.7020603886572879
iqon3000_clean,CP,contains_category,バッグ,1482,0.6185826863431807,0.772019064582457,0.7201594248259494
iqon3000_clean,CP,contains_category,パンプス,9260,0.594368098932215,0.7598828188777296,0.7053754474094401
iqon3000_clean,CP,contains_category,パーカー,838,0.6258166677109381,0.7806631313332688,0.7177936525115
iqon3000_clean,CP,contains_category,ピアス,15250,0.5998512571889277,0.761848096748186,0.7122458865896265
iqon3000_clean,CP,contains_category,ファッション小物,274,0.5917736693483936,0.7311524322020353,0.6947474178546692
iqon3000_clean,CP,contains_category,フレグランス,448,0.6148158482142858,0.7583705357142858,0.7116378917638484
iqon3000_clean,CP,contains_category,ブラウス,8214,0.5887897452661632,0.7447414543835289,0.6883215416865942
iqon3000_clean,CP,contains_category,ブレスレット,4770,0.5988003287493022,0.7498820809655034,0.703239273109927
iqon3000_clean,CP,contains_category,ブローチ,524,0.6714206631315192,0.8172163626828274,0.7737561081189074
iqon3000_clean,CP,contains_category,ブーツ,4594,0.5960576049963147,0.7673409070793064,0.7038523980272308
iqon3000_clean,CP,contains_category,ヘアアクセサリー,2894,0.6282674303147995,0.7809924400936283,0.7277239710021306
iqon3000_clean,CP,contains_category,ベルト,1176,0.5871396177518626,0.739162501735388,0.6931503407971545
iqon3000_clean,CP,contains_category,ボストンバッグ,1076,0.576546758613065,0.7520867594422409,0.6853213155468515
iqon3000_clean,CP,contains_category,ボディケア,296,0.6324415631848065,0.7639243973703432,0.7108160283835959
iqon3000_clean,CP,contains_category,メガネ,1462,0.5687746673129214,0.7126362140949658,0.6548999646306523
iqon3000_clean,CP,contains_category,リュック,2654,0.6218118390917522,0.7669985558759043,0.707954599938036
iqon3000_clean,CP,contains_category,リング,2102,0.5994653272991786,0.7786522011115325,0.715922763061051
iqon3000_clean,CP,contains_category,ルームウェア,310,0.6645577523413111,0.7813943808532777,0.7374877359892968
iqon3000_clean,CP,contains_category,ルームシューズ,216,0.6522633744855967,0.7368827160493828,0.6910640799529688
iqon3000_clean,CP,contains_category,レッグウェア,2586,0.6034309916744873,0.7759444782393625,0.7190879251484007
iqon3000_clean,CP,contains_category,ロングスカート,1326,0.566254672190259,0.7199734285174796,0.6687547510012243
iqon3000_clean,CP,contains_category,ロングパンツ,12504,0.6049697622032862,0.7487691334806131,0.6872872575483824
iqon3000_clean,CP,contains_category,ワンピース,7768,0.5976833912080617,0.7552290762705484,0.7038172395981931
iqon3000_clean,CP,contains_category,傘,440,0.5722520661157025,0.7218801652892561,0.663702774498229
iqon3000_clean,CP,contains_category,小物,734,0.6461255187877258,0.776373720199868,0.7408919807853648
iqon3000_clean,CP,contains_category,帽子,1122,0.6198299446176136,0.7906208991455924,0.723682926419636
iqon3000_clean,CP,contains_category,手袋,396,0.5974900520355065,0.8159626568717477,0.7374575480636086
iqon3000_clean,CP,contains_category,水着,274,0.6692951142841919,0.7891736373807875,0.7310002055060396
iqon3000_clean,CP,contains_category,腕時計,3248,0.5900220522216021,0.7901084259506418,0.719350488624191
iqon3000_clean,CP,contains_category,財布,572,0.6578439043474007,0.7939997065871194,0.748405440713133
iqon3000_clean,CP,contains_category,靴,1918,0.5995154841733166,0.753290543133978,0.6881126639097065
iqon3000_clean,CP,outfit_length,2,10846,0.5438697206552473,0.6363705220275107,0.6015561561495247
iqon3000_clean,CP,outfit_length,3,10772,0.582508491503808,0.7145741445171009,0.6588372497571837
iqon3000_clean,CP,outfit_length,4,8752,0.6027654634803766,0.7570903093656942,0.697806382083379
iqon3000_clean,CP,outfit_length,5,7542,0.608097280527376,0.7773164348419292,0.7242059913211251
iqon3000_clean,CP,outfit_length,6+,11688,0.6317366694916564,0.8151028673411973,0.7580380655158029
iqon3000_clean,FITB,blank_category,<missing>,108,0.3611111111111111,0.6296296296296297,0.5304232804232804
iqon3000_clean,FITB,blank_category,Tシャツ,813,0.3161131611316113,0.45387453874538747,0.39290107186786155
iqon3000_clean,FITB,blank_category,カーディガン,364,0.2664835164835165,0.43131868131868134,0.3708791208791209
iqon3000_clean,FITB,blank_category,キャップ,190,0.34210526315789475,0.5105263157894737,0.43684210526315786
iqon3000_clean,FITB,blank_category,クラッチバッグ,777,0.30244530244530243,0.45045045045045046,0.3987865416436845
iqon3000_clean,FITB,blank_category,コスメ,199,0.32160804020100503,0.4271356783919598,0.3783201722900215
iqon3000_clean,FITB,blank_category,コート,795,0.32075471698113206,0.4666666666666667,0.41311769991015274
iqon3000_clean,FITB,blank_category,サングラス,252,0.3333333333333333,0.373015873015873,0.3469387755102041
iqon3000_clean,FITB,blank_category,サンダル,889,0.3217097862767154,0.4780652418447694,0.4219829664149124
iqon3000_clean,FITB,blank_category,ショルダーバッグ,1214,0.31960461285008235,0.4588138385502471,0.4068016003765592
iqon3000_clean,FITB,blank_category,ショートパンツ,398,0.3316582914572864,0.4824120603015075,0.395908111988514
iqon3000_clean,FITB,blank_category,ジャケット,493,0.3184584178498986,0.4746450304259635,0.4178498985801217
iqon3000_clean,FITB,blank_category,スカート,1329,0.30624529721595184,0.4213694507148232,0.3772976459206708
iqon3000_clean,FITB,blank_category,ストール,330,0.2818181818181818,0.4090909090909091,0.3619047619047619
iqon3000_clean,FITB,blank_category,スニーカー,743,0.29878869448183043,0.46567967698519513,0.3960776773697366
iqon3000_clean,FITB,blank_category,タンクトップ,489,0.3128834355828221,0.4049079754601227,0.3514460999123576
iqon3000_clean,FITB,blank_category,トップス,431,0.3109048723897912,0.46635730858468677,0.39476300961219757
iqon3000_clean,FITB,blank_category,トートバッグ,661,0.3101361573373676,0.4735249621785174,0.42122325480873135
iqon3000_clean,FITB,blank_category,ニット,980,0.3142857142857143,0.4030612244897959,0.36720116618075804
iqon3000_clean,FITB,blank_category,ニット帽,140,0.3,0.42142857142857143,0.36224489795918363
iqon3000_clean,FITB,blank_category,ネックレス,1026,0.30214424951267055,0.45419103313840153,0.4015594541910331
iqon3000_clean,FITB,blank_category,ハット,434,0.31797235023041476,0.5,0.4259381171823568
iqon3000_clean,FITB,blank_category,ハンドバッグ,350,0.3342857142857143,0.5428571428571428,0.4273469387755102
iqon3000_clean,FITB,blank_category,バッグ,176,0.29545454545454547,0.5170454545454546,0.44237012987012986
iqon3000_clean,FITB,blank_category,パンプス,1070,0.2897196261682243,0.48317757009345796,0.4264352469959946
iqon3000_clean,FITB,blank_category,ピアス,1836,0.30718954248366015,0.4940087145969499,0.4289604730781202
iqon3000_clean,FITB,blank_category,ブラウス,991,0.29162462159434915,0.42684157416750756,0.37754072365575897
iqon3000_clean,FITB,blank_category,ブレスレット,552,0.338768115942029,0.44021739130434784,0.39673913043478265
iqon3000_clean,FITB,blank_category,ブーツ,583,0.3241852487135506,0.4236706689536878,0.3798088703749081
iqon3000_clean,FITB,blank_category,ヘアアクセサリー,319,0.322884012539185,0.5109717868338558,0.43842364532019706
iqon3000_clean,FITB,blank_category,ベルト,126,0.29365079365079366,0.47619047619047616,0.3968253968253968
iqon3000_clean,FITB,blank_category,ボストンバッグ,153,0.37254901960784315,0.477124183006536,0.42203548085901027
iqon3000_clean,FITB,blank_category,メガネ,175,0.21142857142857144,0.37142857142857144,0.32163265306122446
iqon3000_clean,FITB,blank_category,リュック,323,0.34055727554179566,0.44272445820433437,0.3892083149049093
iqon3000_clean,FITB,blank_category,リング,237,0.3628691983122363,0.5063291139240507,0.4424352019288728
iqon3000_clean,FITB,blank_category,レッグウェア,294,0.3333333333333333,0.43537414965986393,0.38289601554907676
iqon3000_clean,FITB,blank_category,ロングスカート,177,0.2711864406779661,0.4180790960451977,0.35351089588377727
iqon3000_clean,FITB,blank_category,ロングパンツ,1568,0.3520408163265306,0.43494897959183676,0.3924927113702624
iqon3000_clean,FITB,blank_category,ワンピース,1108,0.34657039711191334,0.48465703971119134,0.4274110366168128
iqon3000_clean,FITB,blank_category,帽子,105,0.3238095238095238,0.4857142857142857,0.4122448979591837
iqon3000_clean,FITB,blank_category,腕時計,315,0.27936507936507937,0.4603174603174603,0.3845804988662132
iqon3000_clean,FITB,blank_category,靴,259,0.2972972972972973,0.444015444015444,0.38665195808052955
iqon3000_clean,FITB,outfit_length,2,5423,0.2985432417481099,0.3835515397381523,0.3553120307684202
iqon3000_clean,FITB,outfit_length,3,5386,0.3158187894541404,0.43204604530263646,0.3824465545594398
iqon3000_clean,FITB,outfit_length,4,4376,0.31421389396709326,0.46526508226691043,0.406927396186994
iqon3000_clean,FITB,outfit_length,5,3771,0.32856006364359586,0.4643330681516839,0.4228889646550744
iqon3000_clean,FITB,outfit_length,6+,5844,0.32819986310746063,0.48973305954825463,0.4424317981812848
polyvore_d_clean,CP,contains_category,accessories,3510,0.7263327408056753,0.9172740481002589,0.8622915398413974
polyvore_d_clean,CP,contains_category,all-body,10950,0.7001596130189112,0.9024318425387294,0.8446931298346574
polyvore_d_clean,CP,contains_category,bags,23692,0.7028063686292736,0.9057736142445303,0.8485629422731328
polyvore_d_clean,CP,contains_category,bottoms,15440,0.7035817068914603,0.9026108838492308,0.8460408980298608
polyvore_d_clean,CP,contains_category,hats,2982,0.747721293106279,0.9308309053966095,0.876580520457869
polyvore_d_clean,CP,contains_category,jewellery,15048,0.7050750464012236,0.9093009228522952,0.8538102756629786
polyvore_d_clean,CP,contains_category,outerwear,9912,0.7128145965366899,0.9127935395646337,0.8579253047712293
polyvore_d_clean,CP,contains_category,scarves,2518,0.7173362118402782,0.910457572830663,0.8564749777996924
polyvore_d_clean,CP,contains_category,shoes,27358,0.6959881488094803,0.8984511619244975,0.8420409689489976
polyvore_d_clean,CP,contains_category,sunglasses,5160,0.7021213418664745,0.9054458866654649,0.8479670692867015
polyvore_d_clean,CP,contains_category,tops,16438,0.6997978933579737,0.9003206509430569,0.8424794750644936
polyvore_d_clean,CP,outfit_length,2,1654,0.6180890121635433,0.7675423910961519,0.7206019505366367
polyvore_d_clean,CP,outfit_length,3,5072,0.672035776303874,0.8601095331329798,0.8009941097852928
polyvore_d_clean,CP,outfit_length,4,7490,0.6951941262136788,0.8969587576492735,0.8358627524728119
polyvore_d_clean,CP,outfit_length,5,7526,0.7064467945262518,0.912714954178866,0.8577000690155201
polyvore_d_clean,CP,outfit_length,6+,8542,0.7396133068653952,0.9436665666928397,0.8883253991361132
polyvore_d_clean,FITB,blank_category,accessories,379,0.39577836411609496,0.6200527704485488,0.5503203920090464
polyvore_d_clean,FITB,blank_category,all-body,1397,0.4087329992841804,0.6857551896921976,0.5984251968503936
polyvore_d_clean,FITB,blank_category,bags,2684,0.407973174366617,0.6564828614008942,0.5805301256120928
polyvore_d_clean,FITB,blank_category,bottoms,1610,0.4192546583850932,0.6378881987577639,0.5616681455190772
polyvore_d_clean,FITB,blank_category,hats,294,0.43537414965986393,0.717687074829932,0.6195335276967929
polyvore_d_clean,FITB,blank_category,jewellery,2056,0.384727626459144,0.6211089494163424,0.547248471372985
polyvore_d_clean,FITB,blank_category,outerwear,1025,0.4146341463414634,0.6565853658536586,0.5747735191637631
polyvore_d_clean,FITB,blank_category,scarves,208,0.375,0.6442307692307693,0.5521978021978022
polyvore_d_clean,FITB,blank_category,shoes,3133,0.42355569741461857,0.7050750079795723,0.6092745428845013
polyvore_d_clean,FITB,blank_category,sunglasses,504,0.31547619047619047,0.5873015873015873,0.5045351473922902
polyvore_d_clean,FITB,blank_category,tops,1852,0.4065874730021598,0.6533477321814255,0.5671860536871336
polyvore_d_clean,FITB,outfit_length,2,827,0.38331318016928656,0.6094316807738815,0.520469856624633
polyvore_d_clean,FITB,outfit_length,3,2536,0.40457413249211355,0.6636435331230284,0.575766110860748
polyvore_d_clean,FITB,outfit_length,4,3745,0.4136181575433912,0.6651535380507343,0.581995041007057
polyvore_d_clean,FITB,outfit_length,5,3763,0.4039330321551953,0.6468243422800957,0.5763258798071448
polyvore_d_clean,FITB,outfit_length,6+,4271,0.40739873565909623,0.6605010536174198,0.5837040505736361
