dataset,representation,task,subgroup_type,subgroup,n,positive_n,metric,value
polyvore_d_clean,resnet50,CP,outfit_length,2,1654,827.0,roc_auc,0.6180890121635433
polyvore_d_clean,resnet50,CP,outfit_length,3,5072,2536.0,roc_auc,0.672035776303874
polyvore_d_clean,resnet50,CP,outfit_length,4,7490,3745.0,roc_auc,0.6951941262136788
polyvore_d_clean,resnet50,CP,outfit_length,5,7526,3763.0,roc_auc,0.7064467945262518
polyvore_d_clean,resnet50,CP,outfit_length,6+,8542,4271.0,roc_auc,0.7396133068653952
polyvore_d_clean,resnet50,CP,contains_category,accessories,3510,1755.0,roc_auc,0.7263327408056753
polyvore_d_clean,resnet50,CP,contains_category,all-body,10950,5475.0,roc_auc,0.7001596130189112
polyvore_d_clean,resnet50,CP,contains_category,bags,23692,11846.0,roc_auc,0.7028063686292736
polyvore_d_clean,resnet50,CP,contains_category,bottoms,15440,7720.0,roc_auc,0.7035817068914603
polyvore_d_clean,resnet50,CP,contains_category,hats,2982,1491.0,roc_auc,0.747721293106279
polyvore_d_clean,resnet50,CP,contains_category,jewellery,15048,7524.0,roc_auc,0.7050750464012236
polyvore_d_clean,resnet50,CP,contains_category,outerwear,9912,4956.0,roc_auc,0.7128145965366899
polyvore_d_clean,resnet50,CP,contains_category,scarves,2518,1259.0,roc_auc,0.7173362118402782
polyvore_d_clean,resnet50,CP,contains_category,shoes,27358,13679.0,roc_auc,0.6959881488094803
polyvore_d_clean,resnet50,CP,contains_category,sunglasses,5160,2580.0,roc_auc,0.7021213418664745
polyvore_d_clean,resnet50,CP,contains_category,tops,16438,8219.0,roc_auc,0.6997978933579737
polyvore_d_clean,resnet50,FITB,outfit_length,2,827,,accuracy,0.38331318016928656
polyvore_d_clean,resnet50,FITB,outfit_length,3,2536,,accuracy,0.40457413249211355
polyvore_d_clean,resnet50,FITB,outfit_length,4,3745,,accuracy,0.4136181575433912
polyvore_d_clean,resnet50,FITB,outfit_length,5,3763,,accuracy,0.4039330321551953
polyvore_d_clean,resnet50,FITB,outfit_length,6+,4271,,accuracy,0.40739873565909623
polyvore_d_clean,resnet50,FITB,blank_category,accessories,379,,accuracy,0.39577836411609496
polyvore_d_clean,resnet50,FITB,blank_category,all-body,1397,,accuracy,0.4087329992841804
polyvore_d_clean,resnet50,FITB,blank_category,bags,2684,,accuracy,0.407973174366617
polyvore_d_clean,resnet50,FITB,blank_category,bottoms,1610,,accuracy,0.4192546583850932
polyvore_d_clean,resnet50,FITB,blank_category,hats,294,,accuracy,0.43537414965986393
polyvore_d_clean,resnet50,FITB,blank_category,jewellery,2056,,accuracy,0.384727626459144
polyvore_d_clean,resnet50,FITB,blank_category,outerwear,1025,,accuracy,0.4146341463414634
polyvore_d_clean,resnet50,FITB,blank_category,scarves,208,,accuracy,0.375
polyvore_d_clean,resnet50,FITB,blank_category,shoes,3133,,accuracy,0.42355569741461857
polyvore_d_clean,resnet50,FITB,blank_category,sunglasses,504,,accuracy,0.31547619047619047
polyvore_d_clean,resnet50,FITB,blank_category,tops,1852,,accuracy,0.4065874730021598
polyvore_d_clean,dinov3_vitl16,CP,outfit_length,2,1654,827.0,roc_auc,0.7047822215463886
polyvore_d_clean,dinov3_vitl16,CP,outfit_length,3,5072,2536.0,roc_auc,0.7461265971897422
polyvore_d_clean,dinov3_vitl16,CP,outfit_length,4,7490,3745.0,roc_auc,0.7749927005477708
polyvore_d_clean,dinov3_vitl16,CP,outfit_length,5,7526,3763.0,roc_auc,0.8041515606204983
polyvore_d_clean,dinov3_vitl16,CP,outfit_length,6+,8542,4271.0,roc_auc,0.8403567459390955
polyvore_d_clean,dinov3_vitl16,CP,contains_category,accessories,3510,1755.0,roc_auc,0.8214456051493089
polyvore_d_clean,dinov3_vitl16,CP,contains_category,all-body,10950,5475.0,roc_auc,0.7853862596693146
polyvore_d_clean,dinov3_vitl16,CP,contains_category,bags,23692,11846.0,roc_auc,0.7911508087254836
polyvore_d_clean,dinov3_vitl16,CP,contains_category,bottoms,15440,7720.0,roc_auc,0.7967617251469838
polyvore_d_clean,dinov3_vitl16,CP,contains_category,hats,2982,1491.0,roc_auc,0.8489715399483868
polyvore_d_clean,dinov3_vitl16,CP,contains_category,jewellery,15048,7524.0,roc_auc,0.8012393037654306
polyvore_d_clean,dinov3_vitl16,CP,contains_category,outerwear,9912,4956.0,roc_auc,0.8091764427690065
polyvore_d_clean,dinov3_vitl16,CP,contains_category,scarves,2518,1259.0,roc_auc,0.806792523536652
polyvore_d_clean,dinov3_vitl16,CP,contains_category,shoes,27358,13679.0,roc_auc,0.7894204907878037
polyvore_d_clean,dinov3_vitl16,CP,contains_category,sunglasses,5160,2580.0,roc_auc,0.7880477435250285
polyvore_d_clean,dinov3_vitl16,CP,contains_category,tops,16438,8219.0,roc_auc,0.7910326096972966
polyvore_d_clean,dinov3_vitl16,FITB,outfit_length,2,827,,accuracy,0.4873035066505441
polyvore_d_clean,dinov3_vitl16,FITB,outfit_length,3,2536,,accuracy,0.5027602523659306
polyvore_d_clean,dinov3_vitl16,FITB,outfit_length,4,3745,,accuracy,0.5068090787716956
polyvore_d_clean,dinov3_vitl16,FITB,outfit_length,5,3763,,accuracy,0.501195854371512
polyvore_d_clean,dinov3_vitl16,FITB,outfit_length,6+,4271,,accuracy,0.5108873800046827
polyvore_d_clean,dinov3_vitl16,FITB,blank_category,accessories,379,,accuracy,0.5224274406332454
polyvore_d_clean,dinov3_vitl16,FITB,blank_category,all-body,1397,,accuracy,0.5146743020758768
polyvore_d_clean,dinov3_vitl16,FITB,blank_category,bags,2684,,accuracy,0.485096870342772
polyvore_d_clean,dinov3_vitl16,FITB,blank_category,bottoms,1610,,accuracy,0.5260869565217391
polyvore_d_clean,dinov3_vitl16,FITB,blank_category,hats,294,,accuracy,0.6122448979591837
polyvore_d_clean,dinov3_vitl16,FITB,blank_category,jewellery,2056,,accuracy,0.4659533073929961
polyvore_d_clean,dinov3_vitl16,FITB,blank_category,outerwear,1025,,accuracy,0.48585365853658535
polyvore_d_clean,dinov3_vitl16,FITB,blank_category,scarves,208,,accuracy,0.47596153846153844
polyvore_d_clean,dinov3_vitl16,FITB,blank_category,shoes,3133,,accuracy,0.5387807213533354
polyvore_d_clean,dinov3_vitl16,FITB,blank_category,sunglasses,504,,accuracy,0.4384920634920635
polyvore_d_clean,dinov3_vitl16,FITB,blank_category,tops,1852,,accuracy,0.5043196544276458
polyvore_d_clean,clip_vitl14_336,CP,outfit_length,2,1654,827.0,roc_auc,0.7666307467588009
polyvore_d_clean,clip_vitl14_336,CP,outfit_length,3,5072,2536.0,roc_auc,0.8601095331329798
polyvore_d_clean,clip_vitl14_336,CP,outfit_length,4,7490,3745.0,roc_auc,0.891117627241306
polyvore_d_clean,clip_vitl14_336,CP,outfit_length,5,7526,3763.0,roc_auc,0.9125223717315804
polyvore_d_clean,clip_vitl14_336,CP,outfit_length,6+,8542,4271.0,roc_auc,0.939117830658225
polyvore_d_clean,clip_vitl14_336,CP,contains_category,accessories,3510,1755.0,roc_auc,0.9152547463088774
polyvore_d_clean,clip_vitl14_336,CP,contains_category,all-body,10950,5475.0,roc_auc,0.899198598861575
polyvore_d_clean,clip_vitl14_336,CP,contains_category,bags,23692,11846.0,roc_auc,0.9017086118611094
polyvore_d_clean,clip_vitl14_336,CP,contains_category,bottoms,15440,7720.0,roc_auc,0.8993571387822492
polyvore_d_clean,clip_vitl14_336,CP,contains_category,hats,2982,1491.0,roc_auc,0.9308309053966095
polyvore_d_clean,clip_vitl14_336,CP,contains_category,jewellery,15048,7524.0,roc_auc,0.9068303420901421
polyvore_d_clean,clip_vitl14_336,CP,contains_category,outerwear,9912,4956.0,roc_auc,0.9098451766994262
polyvore_d_clean,clip_vitl14_336,CP,contains_category,scarves,2518,1259.0,roc_auc,0.910457572830663
polyvore_d_clean,clip_vitl14_336,CP,contains_category,shoes,27358,13679.0,roc_auc,0.8975119375892394
polyvore_d_clean,clip_vitl14_336,CP,contains_category,sunglasses,5160,2580.0,roc_auc,0.9050387596899225
polyvore_d_clean,clip_vitl14_336,CP,contains_category,tops,16438,8219.0,roc_auc,0.8976264656476813
polyvore_d_clean,clip_vitl14_336,FITB,outfit_length,2,827,,accuracy,0.5804111245465539
polyvore_d_clean,clip_vitl14_336,FITB,outfit_length,3,2536,,accuracy,0.6628548895899053
polyvore_d_clean,clip_vitl14_336,FITB,outfit_length,4,3745,,accuracy,0.6552736982643524
polyvore_d_clean,clip_vitl14_336,FITB,outfit_length,5,3763,,accuracy,0.6393834706351316
polyvore_d_clean,clip_vitl14_336,FITB,outfit_length,6+,4271,,accuracy,0.6605010536174198
polyvore_d_clean,clip_vitl14_336,FITB,blank_category,accessories,379,,accuracy,0.604221635883905
polyvore_d_clean,clip_vitl14_336,FITB,blank_category,all-body,1397,,accuracy,0.6814602720114531
polyvore_d_clean,clip_vitl14_336,FITB,blank_category,bags,2684,,accuracy,0.6564828614008942
polyvore_d_clean,clip_vitl14_336,FITB,blank_category,bottoms,1610,,accuracy,0.6018633540372671
polyvore_d_clean,clip_vitl14_336,FITB,blank_category,hats,294,,accuracy,0.6836734693877551
polyvore_d_clean,clip_vitl14_336,FITB,blank_category,jewellery,2056,,accuracy,0.6211089494163424
polyvore_d_clean,clip_vitl14_336,FITB,blank_category,outerwear,1025,,accuracy,0.6497560975609756
polyvore_d_clean,clip_vitl14_336,FITB,blank_category,scarves,208,,accuracy,0.5913461538461539
polyvore_d_clean,clip_vitl14_336,FITB,blank_category,shoes,3133,,accuracy,0.7050750079795723
polyvore_d_clean,clip_vitl14_336,FITB,blank_category,sunglasses,504,,accuracy,0.5456349206349206
polyvore_d_clean,clip_vitl14_336,FITB,blank_category,tops,1852,,accuracy,0.6366090712742981
polyvore_d_clean,siglip2_b16_384,CP,outfit_length,2,1654,827.0,roc_auc,0.7675423910961519
polyvore_d_clean,siglip2_b16_384,CP,outfit_length,3,5072,2536.0,roc_auc,0.8587384253500383
polyvore_d_clean,siglip2_b16_384,CP,outfit_length,4,7490,3745.0,roc_auc,0.8969587576492735
polyvore_d_clean,siglip2_b16_384,CP,outfit_length,5,7526,3763.0,roc_auc,0.912714954178866
polyvore_d_clean,siglip2_b16_384,CP,outfit_length,6+,8542,4271.0,roc_auc,0.9385897473779621
polyvore_d_clean,siglip2_b16_384,CP,contains_category,accessories,3510,1755.0,roc_auc,0.9172740481002589
polyvore_d_clean,siglip2_b16_384,CP,contains_category,all-body,10950,5475.0,roc_auc,0.8998049581952003
polyvore_d_clean,siglip2_b16_384,CP,contains_category,bags,23692,11846.0,roc_auc,0.9034247838823228
polyvore_d_clean,siglip2_b16_384,CP,contains_category,bottoms,15440,7720.0,roc_auc,0.9019754641064189
polyvore_d_clean,siglip2_b16_384,CP,contains_category,hats,2982,1491.0,roc_auc,0.9204432946887675
polyvore_d_clean,siglip2_b16_384,CP,contains_category,jewellery,15048,7524.0,roc_auc,0.9087142391909244
polyvore_d_clean,siglip2_b16_384,CP,contains_category,outerwear,9912,4956.0,roc_auc,0.9097196776345319
polyvore_d_clean,siglip2_b16_384,CP,contains_category,scarves,2518,1259.0,roc_auc,0.9080640043000956
polyvore_d_clean,siglip2_b16_384,CP,contains_category,shoes,27358,13679.0,roc_auc,0.8984511619244975
polyvore_d_clean,siglip2_b16_384,CP,contains_category,sunglasses,5160,2580.0,roc_auc,0.9034558470043869
polyvore_d_clean,siglip2_b16_384,CP,contains_category,tops,16438,8219.0,roc_auc,0.8992277589099151
polyvore_d_clean,siglip2_b16_384,FITB,outfit_length,2,827,,accuracy,0.6094316807738815
polyvore_d_clean,siglip2_b16_384,FITB,outfit_length,3,2536,,accuracy,0.6636435331230284
polyvore_d_clean,siglip2_b16_384,FITB,outfit_length,4,3745,,accuracy,0.6651535380507343
polyvore_d_clean,siglip2_b16_384,FITB,outfit_length,5,3763,,accuracy,0.6439011427052883
polyvore_d_clean,siglip2_b16_384,FITB,outfit_length,6+,4271,,accuracy,0.6518379770545539
polyvore_d_clean,siglip2_b16_384,FITB,blank_category,accessories,379,,accuracy,0.6094986807387863
polyvore_d_clean,siglip2_b16_384,FITB,blank_category,all-body,1397,,accuracy,0.670722977809592
polyvore_d_clean,siglip2_b16_384,FITB,blank_category,bags,2684,,accuracy,0.6546199701937406
polyvore_d_clean,siglip2_b16_384,FITB,blank_category,bottoms,1610,,accuracy,0.6354037267080745
polyvore_d_clean,siglip2_b16_384,FITB,blank_category,hats,294,,accuracy,0.717687074829932
polyvore_d_clean,siglip2_b16_384,FITB,blank_category,jewellery,2056,,accuracy,0.6152723735408561
polyvore_d_clean,siglip2_b16_384,FITB,blank_category,outerwear,1025,,accuracy,0.6360975609756098
polyvore_d_clean,siglip2_b16_384,FITB,blank_category,scarves,208,,accuracy,0.625
polyvore_d_clean,siglip2_b16_384,FITB,blank_category,shoes,3133,,accuracy,0.6935844238748803
polyvore_d_clean,siglip2_b16_384,FITB,blank_category,sunglasses,504,,accuracy,0.5873015873015873
polyvore_d_clean,siglip2_b16_384,FITB,blank_category,tops,1852,,accuracy,0.6533477321814255
polyvore_d_clean,fashionclip2,CP,outfit_length,2,1654,827.0,roc_auc,0.7460269998786424
polyvore_d_clean,fashionclip2,CP,outfit_length,3,5072,2536.0,roc_auc,0.832652003577506
polyvore_d_clean,fashionclip2,CP,outfit_length,4,7490,3745.0,roc_auc,0.8741739141284952
polyvore_d_clean,fashionclip2,CP,outfit_length,5,7526,3763.0,roc_auc,0.8961963307076349
polyvore_d_clean,fashionclip2,CP,outfit_length,6+,8542,4271.0,roc_auc,0.9199238152292903
polyvore_d_clean,fashionclip2,CP,contains_category,accessories,3510,1755.0,roc_auc,0.8848676552950057
polyvore_d_clean,fashionclip2,CP,contains_category,all-body,10950,5475.0,roc_auc,0.8821824899397428
polyvore_d_clean,fashionclip2,CP,contains_category,bags,23692,11846.0,roc_auc,0.8858155505074993
polyvore_d_clean,fashionclip2,CP,contains_category,bottoms,15440,7720.0,roc_auc,0.8817683192837392
polyvore_d_clean,fashionclip2,CP,contains_category,hats,2982,1491.0,roc_auc,0.903895764481816
polyvore_d_clean,fashionclip2,CP,contains_category,jewellery,15048,7524.0,roc_auc,0.8878141162174361
polyvore_d_clean,fashionclip2,CP,contains_category,outerwear,9912,4956.0,roc_auc,0.8920189353151967
polyvore_d_clean,fashionclip2,CP,contains_category,scarves,2518,1259.0,roc_auc,0.8850405752135064
polyvore_d_clean,fashionclip2,CP,contains_category,shoes,27358,13679.0,roc_auc,0.8781702963151956
polyvore_d_clean,fashionclip2,CP,contains_category,sunglasses,5160,2580.0,roc_auc,0.8814919475993029
polyvore_d_clean,fashionclip2,CP,contains_category,tops,16438,8219.0,roc_auc,0.8782937108221034
polyvore_d_clean,fashionclip2,FITB,outfit_length,2,827,,accuracy,0.5525997581620314
polyvore_d_clean,fashionclip2,FITB,outfit_length,3,2536,,accuracy,0.6037066246056783
polyvore_d_clean,fashionclip2,FITB,outfit_length,4,3745,,accuracy,0.6280373831775701
polyvore_d_clean,fashionclip2,FITB,outfit_length,5,3763,,accuracy,0.6239702365134201
polyvore_d_clean,fashionclip2,FITB,outfit_length,6+,4271,,accuracy,0.6232732381175369
polyvore_d_clean,fashionclip2,FITB,blank_category,accessories,379,,accuracy,0.58311345646438
polyvore_d_clean,fashionclip2,FITB,blank_category,all-body,1397,,accuracy,0.6456692913385826
polyvore_d_clean,fashionclip2,FITB,blank_category,bags,2684,,accuracy,0.6270491803278688
polyvore_d_clean,fashionclip2,FITB,blank_category,bottoms,1610,,accuracy,0.5919254658385094
polyvore_d_clean,fashionclip2,FITB,blank_category,hats,294,,accuracy,0.6428571428571429
polyvore_d_clean,fashionclip2,FITB,blank_category,jewellery,2056,,accuracy,0.5773346303501945
polyvore_d_clean,fashionclip2,FITB,blank_category,outerwear,1025,,accuracy,0.6204878048780488
polyvore_d_clean,fashionclip2,FITB,blank_category,scarves,208,,accuracy,0.5913461538461539
polyvore_d_clean,fashionclip2,FITB,blank_category,shoes,3133,,accuracy,0.6562400255346313
polyvore_d_clean,fashionclip2,FITB,blank_category,sunglasses,504,,accuracy,0.5714285714285714
polyvore_d_clean,fashionclip2,FITB,blank_category,tops,1852,,accuracy,0.6004319654427646
polyvore_d_clean,marqo_fashionsiglip,CP,outfit_length,2,1654,827.0,roc_auc,0.7581708042793917
polyvore_d_clean,marqo_fashionsiglip,CP,outfit_length,3,5072,2536.0,roc_auc,0.8575613686572658
polyvore_d_clean,marqo_fashionsiglip,CP,outfit_length,4,7490,3745.0,roc_auc,0.8948461767447832
polyvore_d_clean,marqo_fashionsiglip,CP,outfit_length,5,7526,3763.0,roc_auc,0.9126208875049443
polyvore_d_clean,marqo_fashionsiglip,CP,outfit_length,6+,8542,4271.0,roc_auc,0.9436665666928397
polyvore_d_clean,marqo_fashionsiglip,CP,contains_category,accessories,3510,1755.0,roc_auc,0.915676820805026
polyvore_d_clean,marqo_fashionsiglip,CP,contains_category,all-body,10950,5475.0,roc_auc,0.9024318425387294
polyvore_d_clean,marqo_fashionsiglip,CP,contains_category,bags,23692,11846.0,roc_auc,0.9057736142445303
polyvore_d_clean,marqo_fashionsiglip,CP,contains_category,bottoms,15440,7720.0,roc_auc,0.9026108838492308
polyvore_d_clean,marqo_fashionsiglip,CP,contains_category,hats,2982,1491.0,roc_auc,0.9241795508125885
polyvore_d_clean,marqo_fashionsiglip,CP,contains_category,jewellery,15048,7524.0,roc_auc,0.9093009228522952
polyvore_d_clean,marqo_fashionsiglip,CP,contains_category,outerwear,9912,4956.0,roc_auc,0.9127935395646337
polyvore_d_clean,marqo_fashionsiglip,CP,contains_category,scarves,2518,1259.0,roc_auc,0.9074066246456807
polyvore_d_clean,marqo_fashionsiglip,CP,contains_category,shoes,27358,13679.0,roc_auc,0.8984143209524241
polyvore_d_clean,marqo_fashionsiglip,CP,contains_category,sunglasses,5160,2580.0,roc_auc,0.9054458866654649
polyvore_d_clean,marqo_fashionsiglip,CP,contains_category,tops,16438,8219.0,roc_auc,0.9003206509430569
polyvore_d_clean,marqo_fashionsiglip,FITB,outfit_length,2,827,,accuracy,0.56590084643289
polyvore_d_clean,marqo_fashionsiglip,FITB,outfit_length,3,2536,,accuracy,0.6529968454258676
polyvore_d_clean,marqo_fashionsiglip,FITB,outfit_length,4,3745,,accuracy,0.6542056074766355
polyvore_d_clean,marqo_fashionsiglip,FITB,outfit_length,5,3763,,accuracy,0.6468243422800957
polyvore_d_clean,marqo_fashionsiglip,FITB,outfit_length,6+,4271,,accuracy,0.6562865839381877
polyvore_d_clean,marqo_fashionsiglip,FITB,blank_category,accessories,379,,accuracy,0.6200527704485488
polyvore_d_clean,marqo_fashionsiglip,FITB,blank_category,all-body,1397,,accuracy,0.6857551896921976
polyvore_d_clean,marqo_fashionsiglip,FITB,blank_category,bags,2684,,accuracy,0.6464232488822653
polyvore_d_clean,marqo_fashionsiglip,FITB,blank_category,bottoms,1610,,accuracy,0.6378881987577639
polyvore_d_clean,marqo_fashionsiglip,FITB,blank_category,hats,294,,accuracy,0.6802721088435374
polyvore_d_clean,marqo_fashionsiglip,FITB,blank_category,jewellery,2056,,accuracy,0.6001945525291829
polyvore_d_clean,marqo_fashionsiglip,FITB,blank_category,outerwear,1025,,accuracy,0.6565853658536586
polyvore_d_clean,marqo_fashionsiglip,FITB,blank_category,scarves,208,,accuracy,0.6442307692307693
polyvore_d_clean,marqo_fashionsiglip,FITB,blank_category,shoes,3133,,accuracy,0.6830513884455793
polyvore_d_clean,marqo_fashionsiglip,FITB,blank_category,sunglasses,504,,accuracy,0.5694444444444444
polyvore_d_clean,marqo_fashionsiglip,FITB,blank_category,tops,1852,,accuracy,0.6414686825053996
polyvore_d_clean,gr_lite,CP,outfit_length,2,1654,827.0,roc_auc,0.6829714780335385
polyvore_d_clean,gr_lite,CP,outfit_length,3,5072,2536.0,roc_auc,0.7797350642856432
polyvore_d_clean,gr_lite,CP,outfit_length,4,7490,3745.0,roc_auc,0.8237559647843764
polyvore_d_clean,gr_lite,CP,outfit_length,5,7526,3763.0,roc_auc,0.8592475838388651
polyvore_d_clean,gr_lite,CP,outfit_length,6+,8542,4271.0,roc_auc,0.8970097811899839
polyvore_d_clean,gr_lite,CP,contains_category,accessories,3510,1755.0,roc_auc,0.8551891624256296
polyvore_d_clean,gr_lite,CP,contains_category,all-body,10950,5475.0,roc_auc,0.8436881466191282
polyvore_d_clean,gr_lite,CP,contains_category,bags,23692,11846.0,roc_auc,0.8492608580617103
polyvore_d_clean,gr_lite,CP,contains_category,bottoms,15440,7720.0,roc_auc,0.8362310481489437
polyvore_d_clean,gr_lite,CP,contains_category,hats,2982,1491.0,roc_auc,0.8600212947706359
polyvore_d_clean,gr_lite,CP,contains_category,jewellery,15048,7524.0,roc_auc,0.8576979591233976
polyvore_d_clean,gr_lite,CP,contains_category,outerwear,9912,4956.0,roc_auc,0.8591087648791202
polyvore_d_clean,gr_lite,CP,contains_category,scarves,2518,1259.0,roc_auc,0.8602273322309713
polyvore_d_clean,gr_lite,CP,contains_category,shoes,27358,13679.0,roc_auc,0.8363304262643428
polyvore_d_clean,gr_lite,CP,contains_category,sunglasses,5160,2580.0,roc_auc,0.8501679586563307
polyvore_d_clean,gr_lite,CP,contains_category,tops,16438,8219.0,roc_auc,0.8310572360734281
polyvore_d_clean,gr_lite,FITB,outfit_length,2,827,,accuracy,0.46432889963724305
polyvore_d_clean,gr_lite,FITB,outfit_length,3,2536,,accuracy,0.5398264984227129
polyvore_d_clean,gr_lite,FITB,outfit_length,4,3745,,accuracy,0.5508678237650201
polyvore_d_clean,gr_lite,FITB,outfit_length,5,3763,,accuracy,0.5750730799893702
polyvore_d_clean,gr_lite,FITB,outfit_length,6+,4271,,accuracy,0.5757433856239756
polyvore_d_clean,gr_lite,FITB,blank_category,accessories,379,,accuracy,0.5171503957783641
polyvore_d_clean,gr_lite,FITB,blank_category,all-body,1397,,accuracy,0.5819613457408733
polyvore_d_clean,gr_lite,FITB,blank_category,bags,2684,,accuracy,0.5860655737704918
polyvore_d_clean,gr_lite,FITB,blank_category,bottoms,1610,,accuracy,0.5192546583850932
polyvore_d_clean,gr_lite,FITB,blank_category,hats,294,,accuracy,0.564625850340136
polyvore_d_clean,gr_lite,FITB,blank_category,jewellery,2056,,accuracy,0.566147859922179
polyvore_d_clean,gr_lite,FITB,blank_category,outerwear,1025,,accuracy,0.56
polyvore_d_clean,gr_lite,FITB,blank_category,scarves,208,,accuracy,0.5625
polyvore_d_clean,gr_lite,FITB,blank_category,shoes,3133,,accuracy,0.5646345355888924
polyvore_d_clean,gr_lite,FITB,blank_category,sunglasses,504,,accuracy,0.503968253968254
polyvore_d_clean,gr_lite,FITB,blank_category,tops,1852,,accuracy,0.5275377969762419
iqon3000_clean,resnet50,CP,outfit_length,2,10846,5423.0,roc_auc,0.5438697206552473
iqon3000_clean,resnet50,CP,outfit_length,3,10772,5386.0,roc_auc,0.582508491503808
iqon3000_clean,resnet50,CP,outfit_length,4,8752,4376.0,roc_auc,0.6027654634803766
iqon3000_clean,resnet50,CP,outfit_length,5,7542,3771.0,roc_auc,0.608097280527376
iqon3000_clean,resnet50,CP,outfit_length,6+,11688,5844.0,roc_auc,0.6317366694916564
iqon3000_clean,resnet50,CP,contains_category,<missing>,1000,500.0,roc_auc,0.6525880000000001
iqon3000_clean,resnet50,CP,contains_category,Tシャツ,6454,3227.0,roc_auc,0.6080333573757754
iqon3000_clean,resnet50,CP,contains_category,アクセサリー,244,122.0,roc_auc,0.5805563020693362
iqon3000_clean,resnet50,CP,contains_category,アンダーウェア,228,114.0,roc_auc,0.6628193290243152
iqon3000_clean,resnet50,CP,contains_category,インテリア,526,263.0,roc_auc,0.6384941230898236
iqon3000_clean,resnet50,CP,contains_category,カーディガン,2912,1456.0,roc_auc,0.5791521536499216
iqon3000_clean,resnet50,CP,contains_category,キャップ,1584,792.0,roc_auc,0.6776245727476787
iqon3000_clean,resnet50,CP,contains_category,クラッチバッグ,5264,2632.0,roc_auc,0.5904598881200285
iqon3000_clean,resnet50,CP,contains_category,コスメ,1572,786.0,roc_auc,0.6188919967108883
iqon3000_clean,resnet50,CP,contains_category,コート,6724,3362.0,roc_auc,0.6026922924479459
iqon3000_clean,resnet50,CP,contains_category,サングラス,2016,1008.0,roc_auc,0.599788989669942
iqon3000_clean,resnet50,CP,contains_category,サンダル,7022,3511.0,roc_auc,0.6071864630841215
iqon3000_clean,resnet50,CP,contains_category,ショルダーバッグ,9372,4686.0,roc_auc,0.585282638288896
iqon3000_clean,resnet50,CP,contains_category,ショートパンツ,2752,1376.0,roc_auc,0.5945966358504597
iqon3000_clean,resnet50,CP,contains_category,ジャケット,4344,2172.0,roc_auc,0.603777696380181
iqon3000_clean,resnet50,CP,contains_category,スカート,10548,5274.0,roc_auc,0.5835681700096739
iqon3000_clean,resnet50,CP,contains_category,ストール,2954,1477.0,roc_auc,0.6023215827064412
iqon3000_clean,resnet50,CP,contains_category,スニーカー,5912,2956.0,roc_auc,0.611271185781173
iqon3000_clean,resnet50,CP,contains_category,タンクトップ,3390,1695.0,roc_auc,0.5793988914123616
iqon3000_clean,resnet50,CP,contains_category,ダウンジャケット,484,242.0,roc_auc,0.6270746533706714
iqon3000_clean,resnet50,CP,contains_category,チュニック,320,160.0,roc_auc,0.5512109374999999
iqon3000_clean,resnet50,CP,contains_category,トップス,3024,1512.0,roc_auc,0.606288142829148
iqon3000_clean,resnet50,CP,contains_category,トートバッグ,5620,2810.0,roc_auc,0.6107650612327604
iqon3000_clean,resnet50,CP,contains_category,ニット,7678,3839.0,roc_auc,0.5921084459605938
iqon3000_clean,resnet50,CP,contains_category,ニット帽,1110,555.0,roc_auc,0.6275659443227011
iqon3000_clean,resnet50,CP,contains_category,ネイル,408,204.0,roc_auc,0.6466503267973858
iqon3000_clean,resnet50,CP,contains_category,ネックレス,8532,4266.0,roc_auc,0.586868107908035
iqon3000_clean,resnet50,CP,contains_category,ハット,3502,1751.0,roc_auc,0.6011576643321381
iqon3000_clean,resnet50,CP,contains_category,ハンドバッグ,2922,1461.0,roc_auc,0.586345601659576
iqon3000_clean,resnet50,CP,contains_category,バッグ,1482,741.0,roc_auc,0.6185826863431807
iqon3000_clean,resnet50,CP,contains_category,パンプス,9260,4630.0,roc_auc,0.594368098932215
iqon3000_clean,resnet50,CP,contains_category,パーカー,838,419.0,roc_auc,0.6258166677109381
iqon3000_clean,resnet50,CP,contains_category,ピアス,15250,7625.0,roc_auc,0.5998512571889277
iqon3000_clean,resnet50,CP,contains_category,ファッション小物,274,137.0,roc_auc,0.5917736693483936
iqon3000_clean,resnet50,CP,contains_category,フレグランス,448,224.0,roc_auc,0.6148158482142858
iqon3000_clean,resnet50,CP,contains_category,ブラウス,8214,4107.0,roc_auc,0.5887897452661632
iqon3000_clean,resnet50,CP,contains_category,ブレスレット,4770,2385.0,roc_auc,0.5988003287493022
iqon3000_clean,resnet50,CP,contains_category,ブローチ,524,262.0,roc_auc,0.6714206631315192
iqon3000_clean,resnet50,CP,contains_category,ブーツ,4594,2297.0,roc_auc,0.5960576049963147
iqon3000_clean,resnet50,CP,contains_category,ヘアアクセサリー,2894,1447.0,roc_auc,0.6282674303147995
iqon3000_clean,resnet50,CP,contains_category,ベルト,1176,588.0,roc_auc,0.5871396177518626
iqon3000_clean,resnet50,CP,contains_category,ボストンバッグ,1076,538.0,roc_auc,0.576546758613065
iqon3000_clean,resnet50,CP,contains_category,ボディケア,296,148.0,roc_auc,0.6324415631848065
iqon3000_clean,resnet50,CP,contains_category,メガネ,1462,731.0,roc_auc,0.5687746673129214
iqon3000_clean,resnet50,CP,contains_category,リュック,2654,1327.0,roc_auc,0.6218118390917522
iqon3000_clean,resnet50,CP,contains_category,リング,2102,1051.0,roc_auc,0.5994653272991786
iqon3000_clean,resnet50,CP,contains_category,ルームウェア,310,155.0,roc_auc,0.6645577523413111
iqon3000_clean,resnet50,CP,contains_category,ルームシューズ,216,108.0,roc_auc,0.6522633744855967
iqon3000_clean,resnet50,CP,contains_category,レッグウェア,2586,1293.0,roc_auc,0.6034309916744873
iqon3000_clean,resnet50,CP,contains_category,ロングスカート,1326,663.0,roc_auc,0.566254672190259
iqon3000_clean,resnet50,CP,contains_category,ロングパンツ,12504,6252.0,roc_auc,0.6049697622032862
iqon3000_clean,resnet50,CP,contains_category,ワンピース,7768,3884.0,roc_auc,0.5976833912080617
iqon3000_clean,resnet50,CP,contains_category,傘,440,220.0,roc_auc,0.5722520661157025
iqon3000_clean,resnet50,CP,contains_category,小物,734,367.0,roc_auc,0.6461255187877258
iqon3000_clean,resnet50,CP,contains_category,帽子,1122,561.0,roc_auc,0.6198299446176136
iqon3000_clean,resnet50,CP,contains_category,手袋,396,198.0,roc_auc,0.5974900520355065
iqon3000_clean,resnet50,CP,contains_category,水着,274,137.0,roc_auc,0.6721721988385103
iqon3000_clean,resnet50,CP,contains_category,腕時計,3248,1624.0,roc_auc,0.5900220522216021
iqon3000_clean,resnet50,CP,contains_category,財布,572,286.0,roc_auc,0.6578439043474007
iqon3000_clean,resnet50,CP,contains_category,靴,1918,959.0,roc_auc,0.5995154841733166
iqon3000_clean,resnet50,FITB,outfit_length,2,5423,,accuracy,0.2985432417481099
iqon3000_clean,resnet50,FITB,outfit_length,3,5386,,accuracy,0.3158187894541404
iqon3000_clean,resnet50,FITB,outfit_length,4,4376,,accuracy,0.31421389396709326
iqon3000_clean,resnet50,FITB,outfit_length,5,3771,,accuracy,0.32856006364359586
iqon3000_clean,resnet50,FITB,outfit_length,6+,5844,,accuracy,0.32819986310746063
iqon3000_clean,resnet50,FITB,blank_category,<missing>,108,,accuracy,0.3611111111111111
iqon3000_clean,resnet50,FITB,blank_category,Tシャツ,813,,accuracy,0.3161131611316113
iqon3000_clean,resnet50,FITB,blank_category,カーディガン,364,,accuracy,0.2664835164835165
iqon3000_clean,resnet50,FITB,blank_category,キャップ,190,,accuracy,0.34210526315789475
iqon3000_clean,resnet50,FITB,blank_category,クラッチバッグ,777,,accuracy,0.30244530244530243
iqon3000_clean,resnet50,FITB,blank_category,コスメ,199,,accuracy,0.33668341708542715
iqon3000_clean,resnet50,FITB,blank_category,コート,795,,accuracy,0.32075471698113206
iqon3000_clean,resnet50,FITB,blank_category,サングラス,252,,accuracy,0.3373015873015873
iqon3000_clean,resnet50,FITB,blank_category,サンダル,889,,accuracy,0.3217097862767154
iqon3000_clean,resnet50,FITB,blank_category,ショルダーバッグ,1214,,accuracy,0.31960461285008235
iqon3000_clean,resnet50,FITB,blank_category,ショートパンツ,398,,accuracy,0.3316582914572864
iqon3000_clean,resnet50,FITB,blank_category,ジャケット,493,,accuracy,0.3184584178498986
iqon3000_clean,resnet50,FITB,blank_category,スカート,1329,,accuracy,0.30624529721595184
iqon3000_clean,resnet50,FITB,blank_category,ストール,330,,accuracy,0.2818181818181818
iqon3000_clean,resnet50,FITB,blank_category,スニーカー,743,,accuracy,0.29878869448183043
iqon3000_clean,resnet50,FITB,blank_category,タンクトップ,489,,accuracy,0.3128834355828221
iqon3000_clean,resnet50,FITB,blank_category,トップス,431,,accuracy,0.3109048723897912
iqon3000_clean,resnet50,FITB,blank_category,トートバッグ,661,,accuracy,0.3101361573373676
iqon3000_clean,resnet50,FITB,blank_category,ニット,980,,accuracy,0.3142857142857143
iqon3000_clean,resnet50,FITB,blank_category,ニット帽,140,,accuracy,0.30714285714285716
iqon3000_clean,resnet50,FITB,blank_category,ネックレス,1026,,accuracy,0.30214424951267055
iqon3000_clean,resnet50,FITB,blank_category,ハット,434,,accuracy,0.31797235023041476
iqon3000_clean,resnet50,FITB,blank_category,ハンドバッグ,350,,accuracy,0.3342857142857143
iqon3000_clean,resnet50,FITB,blank_category,バッグ,176,,accuracy,0.29545454545454547
iqon3000_clean,resnet50,FITB,blank_category,パンプス,1070,,accuracy,0.2897196261682243
iqon3000_clean,resnet50,FITB,blank_category,ピアス,1836,,accuracy,0.30718954248366015
iqon3000_clean,resnet50,FITB,blank_category,ブラウス,991,,accuracy,0.29162462159434915
iqon3000_clean,resnet50,FITB,blank_category,ブレスレット,552,,accuracy,0.338768115942029
iqon3000_clean,resnet50,FITB,blank_category,ブーツ,583,,accuracy,0.3241852487135506
iqon3000_clean,resnet50,FITB,blank_category,ヘアアクセサリー,319,,accuracy,0.322884012539185
iqon3000_clean,resnet50,FITB,blank_category,ベルト,126,,accuracy,0.30952380952380953
iqon3000_clean,resnet50,FITB,blank_category,ボストンバッグ,153,,accuracy,0.37254901960784315
iqon3000_clean,resnet50,FITB,blank_category,メガネ,175,,accuracy,0.21142857142857144
iqon3000_clean,resnet50,FITB,blank_category,リュック,323,,accuracy,0.34055727554179566
iqon3000_clean,resnet50,FITB,blank_category,リング,237,,accuracy,0.3670886075949367
iqon3000_clean,resnet50,FITB,blank_category,レッグウェア,294,,accuracy,0.3333333333333333
iqon3000_clean,resnet50,FITB,blank_category,ロングスカート,177,,accuracy,0.2711864406779661
iqon3000_clean,resnet50,FITB,blank_category,ロングパンツ,1568,,accuracy,0.3520408163265306
iqon3000_clean,resnet50,FITB,blank_category,ワンピース,1108,,accuracy,0.34657039711191334
iqon3000_clean,resnet50,FITB,blank_category,帽子,105,,accuracy,0.3238095238095238
iqon3000_clean,resnet50,FITB,blank_category,腕時計,315,,accuracy,0.27936507936507937
iqon3000_clean,resnet50,FITB,blank_category,靴,259,,accuracy,0.2972972972972973
iqon3000_clean,dinov3_vitl16,CP,outfit_length,2,10846,5423.0,roc_auc,0.5888111566388562
iqon3000_clean,dinov3_vitl16,CP,outfit_length,3,10772,5386.0,roc_auc,0.6291398364838272
iqon3000_clean,dinov3_vitl16,CP,outfit_length,4,8752,4376.0,roc_auc,0.6640827878673436
iqon3000_clean,dinov3_vitl16,CP,outfit_length,5,7542,3771.0,roc_auc,0.6902892463039649
iqon3000_clean,dinov3_vitl16,CP,outfit_length,6+,11688,5844.0,roc_auc,0.7056908786561481
iqon3000_clean,dinov3_vitl16,CP,contains_category,<missing>,1000,500.0,roc_auc,0.783952
iqon3000_clean,dinov3_vitl16,CP,contains_category,Tシャツ,6454,3227.0,roc_auc,0.6593460295736441
iqon3000_clean,dinov3_vitl16,CP,contains_category,アクセサリー,244,122.0,roc_auc,0.6234211233539371
iqon3000_clean,dinov3_vitl16,CP,contains_category,アンダーウェア,228,114.0,roc_auc,0.7747768544167437
iqon3000_clean,dinov3_vitl16,CP,contains_category,インテリア,526,263.0,roc_auc,0.7408810305194524
iqon3000_clean,dinov3_vitl16,CP,contains_category,カーディガン,2912,1456.0,roc_auc,0.6047965598961478
iqon3000_clean,dinov3_vitl16,CP,contains_category,キャップ,1584,792.0,roc_auc,0.706613164473013
iqon3000_clean,dinov3_vitl16,CP,contains_category,クラッチバッグ,5264,2632.0,roc_auc,0.6643414637244667
iqon3000_clean,dinov3_vitl16,CP,contains_category,コスメ,1572,786.0,roc_auc,0.6814773808830099
iqon3000_clean,dinov3_vitl16,CP,contains_category,コート,6724,3362.0,roc_auc,0.6608093359629494
iqon3000_clean,dinov3_vitl16,CP,contains_category,サングラス,2016,1008.0,roc_auc,0.6418202987213405
iqon3000_clean,dinov3_vitl16,CP,contains_category,サンダル,7022,3511.0,roc_auc,0.6586040244108904
iqon3000_clean,dinov3_vitl16,CP,contains_category,ショルダーバッグ,9372,4686.0,roc_auc,0.6608277687699158
iqon3000_clean,dinov3_vitl16,CP,contains_category,ショートパンツ,2752,1376.0,roc_auc,0.6570541192029475
iqon3000_clean,dinov3_vitl16,CP,contains_category,ジャケット,4344,2172.0,roc_auc,0.6792758751089542
iqon3000_clean,dinov3_vitl16,CP,contains_category,スカート,10548,5274.0,roc_auc,0.6514784284608821
iqon3000_clean,dinov3_vitl16,CP,contains_category,ストール,2954,1477.0,roc_auc,0.6590987330445757
iqon3000_clean,dinov3_vitl16,CP,contains_category,スニーカー,5912,2956.0,roc_auc,0.6722803874965437
iqon3000_clean,dinov3_vitl16,CP,contains_category,タンクトップ,3390,1695.0,roc_auc,0.6338441190034894
iqon3000_clean,dinov3_vitl16,CP,contains_category,ダウンジャケット,484,242.0,roc_auc,0.6926780957584864
iqon3000_clean,dinov3_vitl16,CP,contains_category,チュニック,320,160.0,roc_auc,0.7123046875
iqon3000_clean,dinov3_vitl16,CP,contains_category,トップス,3024,1512.0,roc_auc,0.6677501504717113
iqon3000_clean,dinov3_vitl16,CP,contains_category,トートバッグ,5620,2810.0,roc_auc,0.6667460518483808
iqon3000_clean,dinov3_vitl16,CP,contains_category,ニット,7678,3839.0,roc_auc,0.6635753102489829
iqon3000_clean,dinov3_vitl16,CP,contains_category,ニット帽,1110,555.0,roc_auc,0.7106793279766253
iqon3000_clean,dinov3_vitl16,CP,contains_category,ネイル,408,204.0,roc_auc,0.6965109573241061
iqon3000_clean,dinov3_vitl16,CP,contains_category,ネックレス,8532,4266.0,roc_auc,0.6577782569314079
iqon3000_clean,dinov3_vitl16,CP,contains_category,ハット,3502,1751.0,roc_auc,0.6431100316014248
iqon3000_clean,dinov3_vitl16,CP,contains_category,ハンドバッグ,2922,1461.0,roc_auc,0.6502910957540357
iqon3000_clean,dinov3_vitl16,CP,contains_category,バッグ,1482,741.0,roc_auc,0.6694021464956901
iqon3000_clean,dinov3_vitl16,CP,contains_category,パンプス,9260,4630.0,roc_auc,0.6642864173457916
iqon3000_clean,dinov3_vitl16,CP,contains_category,パーカー,838,419.0,roc_auc,0.7068255478152894
iqon3000_clean,dinov3_vitl16,CP,contains_category,ピアス,15250,7625.0,roc_auc,0.6730748422467079
iqon3000_clean,dinov3_vitl16,CP,contains_category,ファッション小物,274,137.0,roc_auc,0.6492088017475625
iqon3000_clean,dinov3_vitl16,CP,contains_category,フレグランス,448,224.0,roc_auc,0.6461057079081631
iqon3000_clean,dinov3_vitl16,CP,contains_category,ブラウス,8214,4107.0,roc_auc,0.6486168121806682
iqon3000_clean,dinov3_vitl16,CP,contains_category,ブレスレット,4770,2385.0,roc_auc,0.65175779790708
iqon3000_clean,dinov3_vitl16,CP,contains_category,ブローチ,524,262.0,roc_auc,0.7466785152380396
iqon3000_clean,dinov3_vitl16,CP,contains_category,ブーツ,4594,2297.0,roc_auc,0.6658913625294223
iqon3000_clean,dinov3_vitl16,CP,contains_category,ヘアアクセサリー,2894,1447.0,roc_auc,0.6802884121713108
iqon3000_clean,dinov3_vitl16,CP,contains_category,ベルト,1176,588.0,roc_auc,0.631435397288167
iqon3000_clean,dinov3_vitl16,CP,contains_category,ボストンバッグ,1076,538.0,roc_auc,0.6634824007407305
iqon3000_clean,dinov3_vitl16,CP,contains_category,ボディケア,296,148.0,roc_auc,0.6821585098612125
iqon3000_clean,dinov3_vitl16,CP,contains_category,メガネ,1462,731.0,roc_auc,0.6132520898793138
iqon3000_clean,dinov3_vitl16,CP,contains_category,リュック,2654,1327.0,roc_auc,0.6739329070053364
iqon3000_clean,dinov3_vitl16,CP,contains_category,リング,2102,1051.0,roc_auc,0.6782059766377181
iqon3000_clean,dinov3_vitl16,CP,contains_category,ルームウェア,310,155.0,roc_auc,0.7286576482830385
iqon3000_clean,dinov3_vitl16,CP,contains_category,ルームシューズ,216,108.0,roc_auc,0.6756687242798354
iqon3000_clean,dinov3_vitl16,CP,contains_category,レッグウェア,2586,1293.0,roc_auc,0.6924082258625033
iqon3000_clean,dinov3_vitl16,CP,contains_category,ロングスカート,1326,663.0,roc_auc,0.6063052672049212
iqon3000_clean,dinov3_vitl16,CP,contains_category,ロングパンツ,12504,6252.0,roc_auc,0.6535310747905521
iqon3000_clean,dinov3_vitl16,CP,contains_category,ワンピース,7768,3884.0,roc_auc,0.668528979170401
iqon3000_clean,dinov3_vitl16,CP,contains_category,傘,440,220.0,roc_auc,0.6016735537190082
iqon3000_clean,dinov3_vitl16,CP,contains_category,小物,734,367.0,roc_auc,0.7121739711483492
iqon3000_clean,dinov3_vitl16,CP,contains_category,帽子,1122,561.0,roc_auc,0.6766310478169553
iqon3000_clean,dinov3_vitl16,CP,contains_category,手袋,396,198.0,roc_auc,0.7043924089378635
iqon3000_clean,dinov3_vitl16,CP,contains_category,水着,274,137.0,roc_auc,0.7183653897383986
iqon3000_clean,dinov3_vitl16,CP,contains_category,腕時計,3248,1624.0,roc_auc,0.6672563942342693
iqon3000_clean,dinov3_vitl16,CP,contains_category,財布,572,286.0,roc_auc,0.7183236344075505
iqon3000_clean,dinov3_vitl16,CP,contains_category,靴,1918,959.0,roc_auc,0.6324660398551237
iqon3000_clean,dinov3_vitl16,FITB,outfit_length,2,5423,,accuracy,0.3286004056795132
iqon3000_clean,dinov3_vitl16,FITB,outfit_length,3,5386,,accuracy,0.3492387671741552
iqon3000_clean,dinov3_vitl16,FITB,outfit_length,4,4376,,accuracy,0.3686014625228519
iqon3000_clean,dinov3_vitl16,FITB,outfit_length,5,3771,,accuracy,0.3879607531158844
iqon3000_clean,dinov3_vitl16,FITB,outfit_length,6+,5844,,accuracy,0.4000684462696783
iqon3000_clean,dinov3_vitl16,FITB,blank_category,<missing>,108,,accuracy,0.5555555555555556
iqon3000_clean,dinov3_vitl16,FITB,blank_category,Tシャツ,813,,accuracy,0.4009840098400984
iqon3000_clean,dinov3_vitl16,FITB,blank_category,カーディガン,364,,accuracy,0.3489010989010989
iqon3000_clean,dinov3_vitl16,FITB,blank_category,キャップ,190,,accuracy,0.4052631578947368
iqon3000_clean,dinov3_vitl16,FITB,blank_category,クラッチバッグ,777,,accuracy,0.3577863577863578
iqon3000_clean,dinov3_vitl16,FITB,blank_category,コスメ,199,,accuracy,0.32160804020100503
iqon3000_clean,dinov3_vitl16,FITB,blank_category,コート,795,,accuracy,0.37484276729559746
iqon3000_clean,dinov3_vitl16,FITB,blank_category,サングラス,252,,accuracy,0.3333333333333333
iqon3000_clean,dinov3_vitl16,FITB,blank_category,サンダル,889,,accuracy,0.374578177727784
iqon3000_clean,dinov3_vitl16,FITB,blank_category,ショルダーバッグ,1214,,accuracy,0.3542009884678748
iqon3000_clean,dinov3_vitl16,FITB,blank_category,ショートパンツ,398,,accuracy,0.3492462311557789
iqon3000_clean,dinov3_vitl16,FITB,blank_category,ジャケット,493,,accuracy,0.3772819472616633
iqon3000_clean,dinov3_vitl16,FITB,blank_category,スカート,1329,,accuracy,0.34236267870579384
iqon3000_clean,dinov3_vitl16,FITB,blank_category,ストール,330,,accuracy,0.3515151515151515
iqon3000_clean,dinov3_vitl16,FITB,blank_category,スニーカー,743,,accuracy,0.36608344549125166
iqon3000_clean,dinov3_vitl16,FITB,blank_category,タンクトップ,489,,accuracy,0.31901840490797545
iqon3000_clean,dinov3_vitl16,FITB,blank_category,トップス,431,,accuracy,0.4013921113689095
iqon3000_clean,dinov3_vitl16,FITB,blank_category,トートバッグ,661,,accuracy,0.3903177004538578
iqon3000_clean,dinov3_vitl16,FITB,blank_category,ニット,980,,accuracy,0.35306122448979593
iqon3000_clean,dinov3_vitl16,FITB,blank_category,ニット帽,140,,accuracy,0.3
iqon3000_clean,dinov3_vitl16,FITB,blank_category,ネックレス,1026,,accuracy,0.341130604288499
iqon3000_clean,dinov3_vitl16,FITB,blank_category,ハット,434,,accuracy,0.39400921658986177
iqon3000_clean,dinov3_vitl16,FITB,blank_category,ハンドバッグ,350,,accuracy,0.34
iqon3000_clean,dinov3_vitl16,FITB,blank_category,バッグ,176,,accuracy,0.4090909090909091
iqon3000_clean,dinov3_vitl16,FITB,blank_category,パンプス,1070,,accuracy,0.37850467289719625
iqon3000_clean,dinov3_vitl16,FITB,blank_category,ピアス,1836,,accuracy,0.38453159041394336
iqon3000_clean,dinov3_vitl16,FITB,blank_category,ブラウス,991,,accuracy,0.35418768920282545
iqon3000_clean,dinov3_vitl16,FITB,blank_category,ブレスレット,552,,accuracy,0.3496376811594203
iqon3000_clean,dinov3_vitl16,FITB,blank_category,ブーツ,583,,accuracy,0.34991423670668953
iqon3000_clean,dinov3_vitl16,FITB,blank_category,ヘアアクセサリー,319,,accuracy,0.3667711598746082
iqon3000_clean,dinov3_vitl16,FITB,blank_category,ベルト,126,,accuracy,0.29365079365079366
iqon3000_clean,dinov3_vitl16,FITB,blank_category,ボストンバッグ,153,,accuracy,0.39215686274509803
iqon3000_clean,dinov3_vitl16,FITB,blank_category,メガネ,175,,accuracy,0.2571428571428571
iqon3000_clean,dinov3_vitl16,FITB,blank_category,リュック,323,,accuracy,0.3498452012383901
iqon3000_clean,dinov3_vitl16,FITB,blank_category,リング,237,,accuracy,0.3628691983122363
iqon3000_clean,dinov3_vitl16,FITB,blank_category,レッグウェア,294,,accuracy,0.35374149659863946
iqon3000_clean,dinov3_vitl16,FITB,blank_category,ロングスカート,177,,accuracy,0.2824858757062147
iqon3000_clean,dinov3_vitl16,FITB,blank_category,ロングパンツ,1568,,accuracy,0.3788265306122449
iqon3000_clean,dinov3_vitl16,FITB,blank_category,ワンピース,1108,,accuracy,0.41155234657039713
iqon3000_clean,dinov3_vitl16,FITB,blank_category,帽子,105,,accuracy,0.34285714285714286
iqon3000_clean,dinov3_vitl16,FITB,blank_category,腕時計,315,,accuracy,0.3396825396825397
iqon3000_clean,dinov3_vitl16,FITB,blank_category,靴,259,,accuracy,0.3359073359073359
iqon3000_clean,clip_vitl14_336,CP,outfit_length,2,10846,5423.0,roc_auc,0.6228943257335213
iqon3000_clean,clip_vitl14_336,CP,outfit_length,3,10772,5386.0,roc_auc,0.6862050654907188
iqon3000_clean,clip_vitl14_336,CP,outfit_length,4,8752,4376.0,roc_auc,0.7272367778459203
iqon3000_clean,clip_vitl14_336,CP,outfit_length,5,7542,3771.0,roc_auc,0.7649078534202982
iqon3000_clean,clip_vitl14_336,CP,outfit_length,6+,11688,5844.0,roc_auc,0.8151028673411973
iqon3000_clean,clip_vitl14_336,CP,contains_category,<missing>,1000,500.0,roc_auc,0.8501
iqon3000_clean,clip_vitl14_336,CP,contains_category,Tシャツ,6454,3227.0,roc_auc,0.7344997550782255
iqon3000_clean,clip_vitl14_336,CP,contains_category,アクセサリー,244,122.0,roc_auc,0.7309191077667293
iqon3000_clean,clip_vitl14_336,CP,contains_category,アンダーウェア,228,114.0,roc_auc,0.7843951985226223
iqon3000_clean,clip_vitl14_336,CP,contains_category,インテリア,526,263.0,roc_auc,0.758374416284752
iqon3000_clean,clip_vitl14_336,CP,contains_category,カーディガン,2912,1456.0,roc_auc,0.6897656344342471
iqon3000_clean,clip_vitl14_336,CP,contains_category,キャップ,1584,792.0,roc_auc,0.7762935542291604
iqon3000_clean,clip_vitl14_336,CP,contains_category,クラッチバッグ,5264,2632.0,roc_auc,0.721595646520265
iqon3000_clean,clip_vitl14_336,CP,contains_category,コスメ,1572,786.0,roc_auc,0.7592117786453781
iqon3000_clean,clip_vitl14_336,CP,contains_category,コート,6724,3362.0,roc_auc,0.7465369948130787
iqon3000_clean,clip_vitl14_336,CP,contains_category,サングラス,2016,1008.0,roc_auc,0.7267780376039306
iqon3000_clean,clip_vitl14_336,CP,contains_category,サンダル,7022,3511.0,roc_auc,0.7614225576272027
iqon3000_clean,clip_vitl14_336,CP,contains_category,ショルダーバッグ,9372,4686.0,roc_auc,0.7381399748872832
iqon3000_clean,clip_vitl14_336,CP,contains_category,ショートパンツ,2752,1376.0,roc_auc,0.7098109408802056
iqon3000_clean,clip_vitl14_336,CP,contains_category,ジャケット,4344,2172.0,roc_auc,0.7544844988451717
iqon3000_clean,clip_vitl14_336,CP,contains_category,スカート,10548,5274.0,roc_auc,0.7219583904786024
iqon3000_clean,clip_vitl14_336,CP,contains_category,ストール,2954,1477.0,roc_auc,0.7597994342500146
iqon3000_clean,clip_vitl14_336,CP,contains_category,スニーカー,5912,2956.0,roc_auc,0.7294880621693727
iqon3000_clean,clip_vitl14_336,CP,contains_category,タンクトップ,3390,1695.0,roc_auc,0.6998007326772304
iqon3000_clean,clip_vitl14_336,CP,contains_category,ダウンジャケット,484,242.0,roc_auc,0.7484461443890444
iqon3000_clean,clip_vitl14_336,CP,contains_category,チュニック,320,160.0,roc_auc,0.7283984375
iqon3000_clean,clip_vitl14_336,CP,contains_category,トップス,3024,1512.0,roc_auc,0.7047766894823774
iqon3000_clean,clip_vitl14_336,CP,contains_category,トートバッグ,5620,2810.0,roc_auc,0.7604928382365979
iqon3000_clean,clip_vitl14_336,CP,contains_category,ニット,7678,3839.0,roc_auc,0.7247027243530482
iqon3000_clean,clip_vitl14_336,CP,contains_category,ニット帽,1110,555.0,roc_auc,0.7325103481860239
iqon3000_clean,clip_vitl14_336,CP,contains_category,ネイル,408,204.0,roc_auc,0.731930026912726
iqon3000_clean,clip_vitl14_336,CP,contains_category,ネックレス,8532,4266.0,roc_auc,0.7451954683056359
iqon3000_clean,clip_vitl14_336,CP,contains_category,ハット,3502,1751.0,roc_auc,0.7673422154787295
iqon3000_clean,clip_vitl14_336,CP,contains_category,ハンドバッグ,2922,1461.0,roc_auc,0.7585282599702696
iqon3000_clean,clip_vitl14_336,CP,contains_category,バッグ,1482,741.0,roc_auc,0.772019064582457
iqon3000_clean,clip_vitl14_336,CP,contains_category,パンプス,9260,4630.0,roc_auc,0.7482983080576016
iqon3000_clean,clip_vitl14_336,CP,contains_category,パーカー,838,419.0,roc_auc,0.7616327088590291
iqon3000_clean,clip_vitl14_336,CP,contains_category,ピアス,15250,7625.0,roc_auc,0.7568280612738512
iqon3000_clean,clip_vitl14_336,CP,contains_category,ファッション小物,274,137.0,roc_auc,0.7304598007352548
iqon3000_clean,clip_vitl14_336,CP,contains_category,フレグランス,448,224.0,roc_auc,0.7287348533163265
iqon3000_clean,clip_vitl14_336,CP,contains_category,ブラウス,8214,4107.0,roc_auc,0.7177267588003379
iqon3000_clean,clip_vitl14_336,CP,contains_category,ブレスレット,4770,2385.0,roc_auc,0.747485111787948
iqon3000_clean,clip_vitl14_336,CP,contains_category,ブローチ,524,262.0,roc_auc,0.8149146320144512
iqon3000_clean,clip_vitl14_336,CP,contains_category,ブーツ,4594,2297.0,roc_auc,0.7329463256667808
iqon3000_clean,clip_vitl14_336,CP,contains_category,ヘアアクセサリー,2894,1447.0,roc_auc,0.7639832477556454
iqon3000_clean,clip_vitl14_336,CP,contains_category,ベルト,1176,588.0,roc_auc,0.739162501735388
iqon3000_clean,clip_vitl14_336,CP,contains_category,ボストンバッグ,1076,538.0,roc_auc,0.7520867594422409
iqon3000_clean,clip_vitl14_336,CP,contains_category,ボディケア,296,148.0,roc_auc,0.6882304601899196
iqon3000_clean,clip_vitl14_336,CP,contains_category,メガネ,1462,731.0,roc_auc,0.6774689769650106
iqon3000_clean,clip_vitl14_336,CP,contains_category,リュック,2654,1327.0,roc_auc,0.750282379357714
iqon3000_clean,clip_vitl14_336,CP,contains_category,リング,2102,1051.0,roc_auc,0.7694787529614765
iqon3000_clean,clip_vitl14_336,CP,contains_category,ルームウェア,310,155.0,roc_auc,0.7346514047866806
iqon3000_clean,clip_vitl14_336,CP,contains_category,ルームシューズ,216,108.0,roc_auc,0.7061899862825789
iqon3000_clean,clip_vitl14_336,CP,contains_category,レッグウェア,2586,1293.0,roc_auc,0.740024667299499
iqon3000_clean,clip_vitl14_336,CP,contains_category,ロングスカート,1326,663.0,roc_auc,0.7151209480195373
iqon3000_clean,clip_vitl14_336,CP,contains_category,ロングパンツ,12504,6252.0,roc_auc,0.7146152642542741
iqon3000_clean,clip_vitl14_336,CP,contains_category,ワンピース,7768,3884.0,roc_auc,0.7486267236469352
iqon3000_clean,clip_vitl14_336,CP,contains_category,傘,440,220.0,roc_auc,0.7218801652892561
iqon3000_clean,clip_vitl14_336,CP,contains_category,小物,734,367.0,roc_auc,0.7711097417012525
iqon3000_clean,clip_vitl14_336,CP,contains_category,帽子,1122,561.0,roc_auc,0.758030128272343
iqon3000_clean,clip_vitl14_336,CP,contains_category,手袋,396,198.0,roc_auc,0.7756351392715028
iqon3000_clean,clip_vitl14_336,CP,contains_category,水着,274,137.0,roc_auc,0.7891736373807875
iqon3000_clean,clip_vitl14_336,CP,contains_category,腕時計,3248,1624.0,roc_auc,0.7780578120070858
iqon3000_clean,clip_vitl14_336,CP,contains_category,財布,572,286.0,roc_auc,0.7655753337571519
iqon3000_clean,clip_vitl14_336,CP,contains_category,靴,1918,959.0,roc_auc,0.718405621079483
iqon3000_clean,clip_vitl14_336,FITB,outfit_length,2,5423,,accuracy,0.38060114327862804
iqon3000_clean,clip_vitl14_336,FITB,outfit_length,3,5386,,accuracy,0.409023393984404
iqon3000_clean,clip_vitl14_336,FITB,outfit_length,4,4376,,accuracy,0.4440127970749543
iqon3000_clean,clip_vitl14_336,FITB,outfit_length,5,3771,,accuracy,0.4643330681516839
iqon3000_clean,clip_vitl14_336,FITB,outfit_length,6+,5844,,accuracy,0.48973305954825463
iqon3000_clean,clip_vitl14_336,FITB,blank_category,<missing>,108,,accuracy,0.6296296296296297
iqon3000_clean,clip_vitl14_336,FITB,blank_category,Tシャツ,813,,accuracy,0.4145141451414514
iqon3000_clean,clip_vitl14_336,FITB,blank_category,カーディガン,364,,accuracy,0.3626373626373626
iqon3000_clean,clip_vitl14_336,FITB,blank_category,キャップ,190,,accuracy,0.49473684210526314
iqon3000_clean,clip_vitl14_336,FITB,blank_category,クラッチバッグ,777,,accuracy,0.45045045045045046
iqon3000_clean,clip_vitl14_336,FITB,blank_category,コスメ,199,,accuracy,0.38190954773869346
iqon3000_clean,clip_vitl14_336,FITB,blank_category,コート,795,,accuracy,0.4578616352201258
iqon3000_clean,clip_vitl14_336,FITB,blank_category,サングラス,252,,accuracy,0.3333333333333333
iqon3000_clean,clip_vitl14_336,FITB,blank_category,サンダル,889,,accuracy,0.4566929133858268
iqon3000_clean,clip_vitl14_336,FITB,blank_category,ショルダーバッグ,1214,,accuracy,0.457166392092257
iqon3000_clean,clip_vitl14_336,FITB,blank_category,ショートパンツ,398,,accuracy,0.4120603015075377
iqon3000_clean,clip_vitl14_336,FITB,blank_category,ジャケット,493,,accuracy,0.4543610547667343
iqon3000_clean,clip_vitl14_336,FITB,blank_category,スカート,1329,,accuracy,0.40933032355154253
iqon3000_clean,clip_vitl14_336,FITB,blank_category,ストール,330,,accuracy,0.4
iqon3000_clean,clip_vitl14_336,FITB,blank_category,スニーカー,743,,accuracy,0.4078061911170929
iqon3000_clean,clip_vitl14_336,FITB,blank_category,タンクトップ,489,,accuracy,0.35991820040899797
iqon3000_clean,clip_vitl14_336,FITB,blank_category,トップス,431,,accuracy,0.3851508120649652
iqon3000_clean,clip_vitl14_336,FITB,blank_category,トートバッグ,661,,accuracy,0.44780635400907715
iqon3000_clean,clip_vitl14_336,FITB,blank_category,ニット,980,,accuracy,0.376530612244898
iqon3000_clean,clip_vitl14_336,FITB,blank_category,ニット帽,140,,accuracy,0.42142857142857143
iqon3000_clean,clip_vitl14_336,FITB,blank_category,ネックレス,1026,,accuracy,0.442495126705653
iqon3000_clean,clip_vitl14_336,FITB,blank_category,ハット,434,,accuracy,0.5
iqon3000_clean,clip_vitl14_336,FITB,blank_category,ハンドバッグ,350,,accuracy,0.5428571428571428
iqon3000_clean,clip_vitl14_336,FITB,blank_category,バッグ,176,,accuracy,0.4772727272727273
iqon3000_clean,clip_vitl14_336,FITB,blank_category,パンプス,1070,,accuracy,0.48130841121495327
iqon3000_clean,clip_vitl14_336,FITB,blank_category,ピアス,1836,,accuracy,0.4940087145969499
iqon3000_clean,clip_vitl14_336,FITB,blank_category,ブラウス,991,,accuracy,0.4177598385469223
iqon3000_clean,clip_vitl14_336,FITB,blank_category,ブレスレット,552,,accuracy,0.44021739130434784
iqon3000_clean,clip_vitl14_336,FITB,blank_category,ブーツ,583,,accuracy,0.4013722126929674
iqon3000_clean,clip_vitl14_336,FITB,blank_category,ヘアアクセサリー,319,,accuracy,0.5015673981191222
iqon3000_clean,clip_vitl14_336,FITB,blank_category,ベルト,126,,accuracy,0.47619047619047616
iqon3000_clean,clip_vitl14_336,FITB,blank_category,ボストンバッグ,153,,accuracy,0.4444444444444444
iqon3000_clean,clip_vitl14_336,FITB,blank_category,メガネ,175,,accuracy,0.34285714285714286
iqon3000_clean,clip_vitl14_336,FITB,blank_category,リュック,323,,accuracy,0.44272445820433437
iqon3000_clean,clip_vitl14_336,FITB,blank_category,リング,237,,accuracy,0.5021097046413502
iqon3000_clean,clip_vitl14_336,FITB,blank_category,レッグウェア,294,,accuracy,0.40816326530612246
iqon3000_clean,clip_vitl14_336,FITB,blank_category,ロングスカート,177,,accuracy,0.384180790960452
iqon3000_clean,clip_vitl14_336,FITB,blank_category,ロングパンツ,1568,,accuracy,0.38137755102040816
iqon3000_clean,clip_vitl14_336,FITB,blank_category,ワンピース,1108,,accuracy,0.45938628158844763
iqon3000_clean,clip_vitl14_336,FITB,blank_category,帽子,105,,accuracy,0.42857142857142855
iqon3000_clean,clip_vitl14_336,FITB,blank_category,腕時計,315,,accuracy,0.4603174603174603
iqon3000_clean,clip_vitl14_336,FITB,blank_category,靴,259,,accuracy,0.4362934362934363
iqon3000_clean,siglip2_b16_384,CP,outfit_length,2,10846,5423.0,roc_auc,0.6238263555942483
iqon3000_clean,siglip2_b16_384,CP,outfit_length,3,10772,5386.0,roc_auc,0.6846285545352897
iqon3000_clean,siglip2_b16_384,CP,outfit_length,4,8752,4376.0,roc_auc,0.7326118877189524
iqon3000_clean,siglip2_b16_384,CP,outfit_length,5,7542,3771.0,roc_auc,0.7651855874230623
iqon3000_clean,siglip2_b16_384,CP,outfit_length,6+,11688,5844.0,roc_auc,0.7983608793260876
iqon3000_clean,siglip2_b16_384,CP,contains_category,<missing>,1000,500.0,roc_auc,0.843352
iqon3000_clean,siglip2_b16_384,CP,contains_category,Tシャツ,6454,3227.0,roc_auc,0.7293032938209516
iqon3000_clean,siglip2_b16_384,CP,contains_category,アクセサリー,244,122.0,roc_auc,0.7744557914539102
iqon3000_clean,siglip2_b16_384,CP,contains_category,アンダーウェア,228,114.0,roc_auc,0.8180209295167744
iqon3000_clean,siglip2_b16_384,CP,contains_category,インテリア,526,263.0,roc_auc,0.7801905477887494
iqon3000_clean,siglip2_b16_384,CP,contains_category,カーディガン,2912,1456.0,roc_auc,0.7029999962263012
iqon3000_clean,siglip2_b16_384,CP,contains_category,キャップ,1584,792.0,roc_auc,0.7717444329660239
iqon3000_clean,siglip2_b16_384,CP,contains_category,クラッチバッグ,5264,2632.0,roc_auc,0.7164000644395377
iqon3000_clean,siglip2_b16_384,CP,contains_category,コスメ,1572,786.0,roc_auc,0.7380381226165271
iqon3000_clean,siglip2_b16_384,CP,contains_category,コート,6724,3362.0,roc_auc,0.741071343259391
iqon3000_clean,siglip2_b16_384,CP,contains_category,サングラス,2016,1008.0,roc_auc,0.7178366717057194
iqon3000_clean,siglip2_b16_384,CP,contains_category,サンダル,7022,3511.0,roc_auc,0.756527051206847
iqon3000_clean,siglip2_b16_384,CP,contains_category,ショルダーバッグ,9372,4686.0,roc_auc,0.734100759447462
iqon3000_clean,siglip2_b16_384,CP,contains_category,ショートパンツ,2752,1376.0,roc_auc,0.7153893362966468
iqon3000_clean,siglip2_b16_384,CP,contains_category,ジャケット,4344,2172.0,roc_auc,0.7601404659673257
iqon3000_clean,siglip2_b16_384,CP,contains_category,スカート,10548,5274.0,roc_auc,0.7187476676317549
iqon3000_clean,siglip2_b16_384,CP,contains_category,ストール,2954,1477.0,roc_auc,0.7731792701357625
iqon3000_clean,siglip2_b16_384,CP,contains_category,スニーカー,5912,2956.0,roc_auc,0.7306613941782133
iqon3000_clean,siglip2_b16_384,CP,contains_category,タンクトップ,3390,1695.0,roc_auc,0.6964091854404331
iqon3000_clean,siglip2_b16_384,CP,contains_category,ダウンジャケット,484,242.0,roc_auc,0.7481558636705142
iqon3000_clean,siglip2_b16_384,CP,contains_category,チュニック,320,160.0,roc_auc,0.7194140624999998
iqon3000_clean,siglip2_b16_384,CP,contains_category,トップス,3024,1512.0,roc_auc,0.7140796905181827
iqon3000_clean,siglip2_b16_384,CP,contains_category,トートバッグ,5620,2810.0,roc_auc,0.7559908055875686
iqon3000_clean,siglip2_b16_384,CP,contains_category,ニット,7678,3839.0,roc_auc,0.7120807269899194
iqon3000_clean,siglip2_b16_384,CP,contains_category,ニット帽,1110,555.0,roc_auc,0.7136336336336336
iqon3000_clean,siglip2_b16_384,CP,contains_category,ネイル,408,204.0,roc_auc,0.7452662437524029
iqon3000_clean,siglip2_b16_384,CP,contains_category,ネックレス,8532,4266.0,roc_auc,0.7393661687645023
iqon3000_clean,siglip2_b16_384,CP,contains_category,ハット,3502,1751.0,roc_auc,0.7506409815260987
iqon3000_clean,siglip2_b16_384,CP,contains_category,ハンドバッグ,2922,1461.0,roc_auc,0.7332506918414013
iqon3000_clean,siglip2_b16_384,CP,contains_category,バッグ,1482,741.0,roc_auc,0.7570267410454924
iqon3000_clean,siglip2_b16_384,CP,contains_category,パンプス,9260,4630.0,roc_auc,0.7440472036535133
iqon3000_clean,siglip2_b16_384,CP,contains_category,パーカー,838,419.0,roc_auc,0.7589954488753197
iqon3000_clean,siglip2_b16_384,CP,contains_category,ピアス,15250,7625.0,roc_auc,0.7490922053211503
iqon3000_clean,siglip2_b16_384,CP,contains_category,ファッション小物,274,137.0,roc_auc,0.7311524322020353
iqon3000_clean,siglip2_b16_384,CP,contains_category,フレグランス,448,224.0,roc_auc,0.7583705357142858
iqon3000_clean,siglip2_b16_384,CP,contains_category,ブラウス,8214,4107.0,roc_auc,0.7264830028536029
iqon3000_clean,siglip2_b16_384,CP,contains_category,ブレスレット,4770,2385.0,roc_auc,0.7334270356745733
iqon3000_clean,siglip2_b16_384,CP,contains_category,ブローチ,524,262.0,roc_auc,0.8172163626828274
iqon3000_clean,siglip2_b16_384,CP,contains_category,ブーツ,4594,2297.0,roc_auc,0.7379827069018683
iqon3000_clean,siglip2_b16_384,CP,contains_category,ヘアアクセサリー,2894,1447.0,roc_auc,0.7634583670239263
iqon3000_clean,siglip2_b16_384,CP,contains_category,ベルト,1176,588.0,roc_auc,0.7251752741913091
iqon3000_clean,siglip2_b16_384,CP,contains_category,ボストンバッグ,1076,538.0,roc_auc,0.7142659720014926
iqon3000_clean,siglip2_b16_384,CP,contains_category,ボディケア,296,148.0,roc_auc,0.7532414170927685
iqon3000_clean,siglip2_b16_384,CP,contains_category,メガネ,1462,731.0,roc_auc,0.7103998981961632
iqon3000_clean,siglip2_b16_384,CP,contains_category,リュック,2654,1327.0,roc_auc,0.7410224943765478
iqon3000_clean,siglip2_b16_384,CP,contains_category,リング,2102,1051.0,roc_auc,0.7514785881960998
iqon3000_clean,siglip2_b16_384,CP,contains_category,ルームウェア,310,155.0,roc_auc,0.7492195629552549
iqon3000_clean,siglip2_b16_384,CP,contains_category,ルームシューズ,216,108.0,roc_auc,0.6848422496570644
iqon3000_clean,siglip2_b16_384,CP,contains_category,レッグウェア,2586,1293.0,roc_auc,0.7736697512753843
iqon3000_clean,siglip2_b16_384,CP,contains_category,ロングスカート,1326,663.0,roc_auc,0.7083666045603761
iqon3000_clean,siglip2_b16_384,CP,contains_category,ロングパンツ,12504,6252.0,roc_auc,0.7206627724297772
iqon3000_clean,siglip2_b16_384,CP,contains_category,ワンピース,7768,3884.0,roc_auc,0.740502938724557
iqon3000_clean,siglip2_b16_384,CP,contains_category,傘,440,220.0,roc_auc,0.686301652892562
iqon3000_clean,siglip2_b16_384,CP,contains_category,小物,734,367.0,roc_auc,0.776373720199868
iqon3000_clean,siglip2_b16_384,CP,contains_category,帽子,1122,561.0,roc_auc,0.7611725941389358
iqon3000_clean,siglip2_b16_384,CP,contains_category,手袋,396,198.0,roc_auc,0.7811957963473115
iqon3000_clean,siglip2_b16_384,CP,contains_category,水着,274,137.0,roc_auc,0.7685545314081731
iqon3000_clean,siglip2_b16_384,CP,contains_category,腕時計,3248,1624.0,roc_auc,0.7414346683976801
iqon3000_clean,siglip2_b16_384,CP,contains_category,財布,572,286.0,roc_auc,0.7712479827864442
iqon3000_clean,siglip2_b16_384,CP,contains_category,靴,1918,959.0,roc_auc,0.7266236879961638
iqon3000_clean,siglip2_b16_384,FITB,outfit_length,2,5423,,accuracy,0.3815231421722294
iqon3000_clean,siglip2_b16_384,FITB,outfit_length,3,5386,,accuracy,0.4051243965837356
iqon3000_clean,siglip2_b16_384,FITB,outfit_length,4,4376,,accuracy,0.4323583180987203
iqon3000_clean,siglip2_b16_384,FITB,outfit_length,5,3771,,accuracy,0.4614160700079554
iqon3000_clean,siglip2_b16_384,FITB,outfit_length,6+,5844,,accuracy,0.4887063655030801
iqon3000_clean,siglip2_b16_384,FITB,blank_category,<missing>,108,,accuracy,0.5648148148148148
iqon3000_clean,siglip2_b16_384,FITB,blank_category,Tシャツ,813,,accuracy,0.41205412054120544
iqon3000_clean,siglip2_b16_384,FITB,blank_category,カーディガン,364,,accuracy,0.42032967032967034
iqon3000_clean,siglip2_b16_384,FITB,blank_category,キャップ,190,,accuracy,0.5105263157894737
iqon3000_clean,siglip2_b16_384,FITB,blank_category,クラッチバッグ,777,,accuracy,0.4066924066924067
iqon3000_clean,siglip2_b16_384,FITB,blank_category,コスメ,199,,accuracy,0.4221105527638191
iqon3000_clean,siglip2_b16_384,FITB,blank_category,コート,795,,accuracy,0.4666666666666667
iqon3000_clean,siglip2_b16_384,FITB,blank_category,サングラス,252,,accuracy,0.36507936507936506
iqon3000_clean,siglip2_b16_384,FITB,blank_category,サンダル,889,,accuracy,0.4499437570303712
iqon3000_clean,siglip2_b16_384,FITB,blank_category,ショルダーバッグ,1214,,accuracy,0.42668863261943984
iqon3000_clean,siglip2_b16_384,FITB,blank_category,ショートパンツ,398,,accuracy,0.4045226130653266
iqon3000_clean,siglip2_b16_384,FITB,blank_category,ジャケット,493,,accuracy,0.4746450304259635
iqon3000_clean,siglip2_b16_384,FITB,blank_category,スカート,1329,,accuracy,0.4213694507148232
iqon3000_clean,siglip2_b16_384,FITB,blank_category,ストール,330,,accuracy,0.4090909090909091
iqon3000_clean,siglip2_b16_384,FITB,blank_category,スニーカー,743,,accuracy,0.4064602960969044
iqon3000_clean,siglip2_b16_384,FITB,blank_category,タンクトップ,489,,accuracy,0.3619631901840491
iqon3000_clean,siglip2_b16_384,FITB,blank_category,トップス,431,,accuracy,0.39443155452436196
iqon3000_clean,siglip2_b16_384,FITB,blank_category,トートバッグ,661,,accuracy,0.4735249621785174
iqon3000_clean,siglip2_b16_384,FITB,blank_category,ニット,980,,accuracy,0.39183673469387753
iqon3000_clean,siglip2_b16_384,FITB,blank_category,ニット帽,140,,accuracy,0.38571428571428573
iqon3000_clean,siglip2_b16_384,FITB,blank_category,ネックレス,1026,,accuracy,0.45321637426900585
iqon3000_clean,siglip2_b16_384,FITB,blank_category,ハット,434,,accuracy,0.47235023041474655
iqon3000_clean,siglip2_b16_384,FITB,blank_category,ハンドバッグ,350,,accuracy,0.44857142857142857
iqon3000_clean,siglip2_b16_384,FITB,blank_category,バッグ,176,,accuracy,0.5056818181818182
iqon3000_clean,siglip2_b16_384,FITB,blank_category,パンプス,1070,,accuracy,0.4616822429906542
iqon3000_clean,siglip2_b16_384,FITB,blank_category,ピアス,1836,,accuracy,0.47276688453159044
iqon3000_clean,siglip2_b16_384,FITB,blank_category,ブラウス,991,,accuracy,0.4046417759838547
iqon3000_clean,siglip2_b16_384,FITB,blank_category,ブレスレット,552,,accuracy,0.42391304347826086
iqon3000_clean,siglip2_b16_384,FITB,blank_category,ブーツ,583,,accuracy,0.41852487135506006
iqon3000_clean,siglip2_b16_384,FITB,blank_category,ヘアアクセサリー,319,,accuracy,0.46394984326018807
iqon3000_clean,siglip2_b16_384,FITB,blank_category,ベルト,126,,accuracy,0.47619047619047616
iqon3000_clean,siglip2_b16_384,FITB,blank_category,ボストンバッグ,153,,accuracy,0.4117647058823529
iqon3000_clean,siglip2_b16_384,FITB,blank_category,メガネ,175,,accuracy,0.3657142857142857
iqon3000_clean,siglip2_b16_384,FITB,blank_category,リュック,323,,accuracy,0.39628482972136225
iqon3000_clean,siglip2_b16_384,FITB,blank_category,リング,237,,accuracy,0.45569620253164556
iqon3000_clean,siglip2_b16_384,FITB,blank_category,レッグウェア,294,,accuracy,0.41156462585034015
iqon3000_clean,siglip2_b16_384,FITB,blank_category,ロングスカート,177,,accuracy,0.4011299435028249
iqon3000_clean,siglip2_b16_384,FITB,blank_category,ロングパンツ,1568,,accuracy,0.42091836734693877
iqon3000_clean,siglip2_b16_384,FITB,blank_category,ワンピース,1108,,accuracy,0.47021660649819497
iqon3000_clean,siglip2_b16_384,FITB,blank_category,帽子,105,,accuracy,0.4857142857142857
iqon3000_clean,siglip2_b16_384,FITB,blank_category,腕時計,315,,accuracy,0.4222222222222222
iqon3000_clean,siglip2_b16_384,FITB,blank_category,靴,259,,accuracy,0.4015444015444015
iqon3000_clean,fashionclip2,CP,outfit_length,2,10846,5423.0,roc_auc,0.617155728452403
iqon3000_clean,fashionclip2,CP,outfit_length,3,10772,5386.0,roc_auc,0.6848927139705214
iqon3000_clean,fashionclip2,CP,outfit_length,4,8752,4376.0,roc_auc,0.725039082213436
iqon3000_clean,fashionclip2,CP,outfit_length,5,7542,3771.0,roc_auc,0.7572571061614756
iqon3000_clean,fashionclip2,CP,outfit_length,6+,11688,5844.0,roc_auc,0.7958837427694551
iqon3000_clean,fashionclip2,CP,contains_category,<missing>,1000,500.0,roc_auc,0.8152080000000002
iqon3000_clean,fashionclip2,CP,contains_category,Tシャツ,6454,3227.0,roc_auc,0.7040472542977506
iqon3000_clean,fashionclip2,CP,contains_category,アクセサリー,244,122.0,roc_auc,0.7604810534802473
iqon3000_clean,fashionclip2,CP,contains_category,アンダーウェア,228,114.0,roc_auc,0.8363342566943675
iqon3000_clean,fashionclip2,CP,contains_category,インテリア,526,263.0,roc_auc,0.7681042085327241
iqon3000_clean,fashionclip2,CP,contains_category,カーディガン,2912,1456.0,roc_auc,0.6947179065783118
iqon3000_clean,fashionclip2,CP,contains_category,キャップ,1584,792.0,roc_auc,0.7409368304254668
iqon3000_clean,fashionclip2,CP,contains_category,クラッチバッグ,5264,2632.0,roc_auc,0.7010569152400662
iqon3000_clean,fashionclip2,CP,contains_category,コスメ,1572,786.0,roc_auc,0.7467027950974108
iqon3000_clean,fashionclip2,CP,contains_category,コート,6724,3362.0,roc_auc,0.7448647019333907
iqon3000_clean,fashionclip2,CP,contains_category,サングラス,2016,1008.0,roc_auc,0.7083667957923909
iqon3000_clean,fashionclip2,CP,contains_category,サンダル,7022,3511.0,roc_auc,0.7500813044667931
iqon3000_clean,fashionclip2,CP,contains_category,ショルダーバッグ,9372,4686.0,roc_auc,0.733551999408341
iqon3000_clean,fashionclip2,CP,contains_category,ショートパンツ,2752,1376.0,roc_auc,0.6977869160694969
iqon3000_clean,fashionclip2,CP,contains_category,ジャケット,4344,2172.0,roc_auc,0.7487764923740627
iqon3000_clean,fashionclip2,CP,contains_category,スカート,10548,5274.0,roc_auc,0.724976573855128
iqon3000_clean,fashionclip2,CP,contains_category,ストール,2954,1477.0,roc_auc,0.7461624392799728
iqon3000_clean,fashionclip2,CP,contains_category,スニーカー,5912,2956.0,roc_auc,0.7209511491043193
iqon3000_clean,fashionclip2,CP,contains_category,タンクトップ,3390,1695.0,roc_auc,0.6979089983553919
iqon3000_clean,fashionclip2,CP,contains_category,ダウンジャケット,484,242.0,roc_auc,0.7607916125947681
iqon3000_clean,fashionclip2,CP,contains_category,チュニック,320,160.0,roc_auc,0.6984375
iqon3000_clean,fashionclip2,CP,contains_category,トップス,3024,1512.0,roc_auc,0.7057040151451528
iqon3000_clean,fashionclip2,CP,contains_category,トートバッグ,5620,2810.0,roc_auc,0.7388300553437774
iqon3000_clean,fashionclip2,CP,contains_category,ニット,7678,3839.0,roc_auc,0.7191596087399301
iqon3000_clean,fashionclip2,CP,contains_category,ニット帽,1110,555.0,roc_auc,0.7206070935800666
iqon3000_clean,fashionclip2,CP,contains_category,ネイル,408,204.0,roc_auc,0.7365916955017301
iqon3000_clean,fashionclip2,CP,contains_category,ネックレス,8532,4266.0,roc_auc,0.7371134598430793
iqon3000_clean,fashionclip2,CP,contains_category,ハット,3502,1751.0,roc_auc,0.7318751689904863
iqon3000_clean,fashionclip2,CP,contains_category,ハンドバッグ,2922,1461.0,roc_auc,0.7375710990896787
iqon3000_clean,fashionclip2,CP,contains_category,バッグ,1482,741.0,roc_auc,0.7454036836095221
iqon3000_clean,fashionclip2,CP,contains_category,パンプス,9260,4630.0,roc_auc,0.7420721279662638
iqon3000_clean,fashionclip2,CP,contains_category,パーカー,838,419.0,roc_auc,0.7190378273078873
iqon3000_clean,fashionclip2,CP,contains_category,ピアス,15250,7625.0,roc_auc,0.7409561128728837
iqon3000_clean,fashionclip2,CP,contains_category,ファッション小物,274,137.0,roc_auc,0.7241195588470349
iqon3000_clean,fashionclip2,CP,contains_category,フレグランス,448,224.0,roc_auc,0.7317243303571429
iqon3000_clean,fashionclip2,CP,contains_category,ブラウス,8214,4107.0,roc_auc,0.7207736332862189
iqon3000_clean,fashionclip2,CP,contains_category,ブレスレット,4770,2385.0,roc_auc,0.7444188652875017
iqon3000_clean,fashionclip2,CP,contains_category,ブローチ,524,262.0,roc_auc,0.7936454752054075
iqon3000_clean,fashionclip2,CP,contains_category,ブーツ,4594,2297.0,roc_auc,0.7423792347877045
iqon3000_clean,fashionclip2,CP,contains_category,ヘアアクセサリー,2894,1447.0,roc_auc,0.7500230441267566
iqon3000_clean,fashionclip2,CP,contains_category,ベルト,1176,588.0,roc_auc,0.7318449488638993
iqon3000_clean,fashionclip2,CP,contains_category,ボストンバッグ,1076,538.0,roc_auc,0.7215799947485524
iqon3000_clean,fashionclip2,CP,contains_category,ボディケア,296,148.0,roc_auc,0.7204163623082541
iqon3000_clean,fashionclip2,CP,contains_category,メガネ,1462,731.0,roc_auc,0.6843688068552907
iqon3000_clean,fashionclip2,CP,contains_category,リュック,2654,1327.0,roc_auc,0.726270621927403
iqon3000_clean,fashionclip2,CP,contains_category,リング,2102,1051.0,roc_auc,0.7520670359704544
iqon3000_clean,fashionclip2,CP,contains_category,ルームウェア,310,155.0,roc_auc,0.7522580645161291
iqon3000_clean,fashionclip2,CP,contains_category,ルームシューズ,216,108.0,roc_auc,0.704818244170096
iqon3000_clean,fashionclip2,CP,contains_category,レッグウェア,2586,1293.0,roc_auc,0.7546883719761772
iqon3000_clean,fashionclip2,CP,contains_category,ロングスカート,1326,663.0,roc_auc,0.7154576414624325
iqon3000_clean,fashionclip2,CP,contains_category,ロングパンツ,12504,6252.0,roc_auc,0.7101247114678901
iqon3000_clean,fashionclip2,CP,contains_category,ワンピース,7768,3884.0,roc_auc,0.7319733656045928
iqon3000_clean,fashionclip2,CP,contains_category,傘,440,220.0,roc_auc,0.692737603305785
iqon3000_clean,fashionclip2,CP,contains_category,小物,734,367.0,roc_auc,0.7641975216981342
iqon3000_clean,fashionclip2,CP,contains_category,帽子,1122,561.0,roc_auc,0.7561904035637914
iqon3000_clean,fashionclip2,CP,contains_category,手袋,396,198.0,roc_auc,0.7701510049994897
iqon3000_clean,fashionclip2,CP,contains_category,水着,274,137.0,roc_auc,0.750066599179498
iqon3000_clean,fashionclip2,CP,contains_category,腕時計,3248,1624.0,roc_auc,0.7569868687665317
iqon3000_clean,fashionclip2,CP,contains_category,財布,572,286.0,roc_auc,0.7706489314880924
iqon3000_clean,fashionclip2,CP,contains_category,靴,1918,959.0,roc_auc,0.7225244405397089
iqon3000_clean,fashionclip2,FITB,outfit_length,2,5423,,accuracy,0.3782039461552646
iqon3000_clean,fashionclip2,FITB,outfit_length,3,5386,,accuracy,0.4015967322688452
iqon3000_clean,fashionclip2,FITB,outfit_length,4,4376,,accuracy,0.44012797074954296
iqon3000_clean,fashionclip2,FITB,outfit_length,5,3771,,accuracy,0.44630071599045346
iqon3000_clean,fashionclip2,FITB,outfit_length,6+,5844,,accuracy,0.47553045859000687
iqon3000_clean,fashionclip2,FITB,blank_category,<missing>,108,,accuracy,0.5185185185185185
iqon3000_clean,fashionclip2,FITB,blank_category,Tシャツ,813,,accuracy,0.41205412054120544
iqon3000_clean,fashionclip2,FITB,blank_category,カーディガン,364,,accuracy,0.39285714285714285
iqon3000_clean,fashionclip2,FITB,blank_category,キャップ,190,,accuracy,0.4263157894736842
iqon3000_clean,fashionclip2,FITB,blank_category,クラッチバッグ,777,,accuracy,0.44272844272844275
iqon3000_clean,fashionclip2,FITB,blank_category,コスメ,199,,accuracy,0.36683417085427134
iqon3000_clean,fashionclip2,FITB,blank_category,コート,795,,accuracy,0.4289308176100629
iqon3000_clean,fashionclip2,FITB,blank_category,サングラス,252,,accuracy,0.3333333333333333
iqon3000_clean,fashionclip2,FITB,blank_category,サンダル,889,,accuracy,0.4780652418447694
iqon3000_clean,fashionclip2,FITB,blank_category,ショルダーバッグ,1214,,accuracy,0.4390444810543657
iqon3000_clean,fashionclip2,FITB,blank_category,ショートパンツ,398,,accuracy,0.41457286432160806
iqon3000_clean,fashionclip2,FITB,blank_category,ジャケット,493,,accuracy,0.44016227180527384
iqon3000_clean,fashionclip2,FITB,blank_category,スカート,1329,,accuracy,0.39954853273137697
iqon3000_clean,fashionclip2,FITB,blank_category,ストール,330,,accuracy,0.34545454545454546
iqon3000_clean,fashionclip2,FITB,blank_category,スニーカー,743,,accuracy,0.45625841184387617
iqon3000_clean,fashionclip2,FITB,blank_category,タンクトップ,489,,accuracy,0.38445807770961143
iqon3000_clean,fashionclip2,FITB,blank_category,トップス,431,,accuracy,0.45011600928074247
iqon3000_clean,fashionclip2,FITB,blank_category,トートバッグ,661,,accuracy,0.4402420574886536
iqon3000_clean,fashionclip2,FITB,blank_category,ニット,980,,accuracy,0.4030612244897959
iqon3000_clean,fashionclip2,FITB,blank_category,ニット帽,140,,accuracy,0.38571428571428573
iqon3000_clean,fashionclip2,FITB,blank_category,ネックレス,1026,,accuracy,0.4337231968810916
iqon3000_clean,fashionclip2,FITB,blank_category,ハット,434,,accuracy,0.43317972350230416
iqon3000_clean,fashionclip2,FITB,blank_category,ハンドバッグ,350,,accuracy,0.4828571428571429
iqon3000_clean,fashionclip2,FITB,blank_category,バッグ,176,,accuracy,0.48863636363636365
iqon3000_clean,fashionclip2,FITB,blank_category,パンプス,1070,,accuracy,0.48317757009345796
iqon3000_clean,fashionclip2,FITB,blank_category,ピアス,1836,,accuracy,0.460239651416122
iqon3000_clean,fashionclip2,FITB,blank_category,ブラウス,991,,accuracy,0.4106962663975782
iqon3000_clean,fashionclip2,FITB,blank_category,ブレスレット,552,,accuracy,0.4384057971014493
iqon3000_clean,fashionclip2,FITB,blank_category,ブーツ,583,,accuracy,0.37735849056603776
iqon3000_clean,fashionclip2,FITB,blank_category,ヘアアクセサリー,319,,accuracy,0.445141065830721
iqon3000_clean,fashionclip2,FITB,blank_category,ベルト,126,,accuracy,0.373015873015873
iqon3000_clean,fashionclip2,FITB,blank_category,ボストンバッグ,153,,accuracy,0.477124183006536
iqon3000_clean,fashionclip2,FITB,blank_category,メガネ,175,,accuracy,0.3657142857142857
iqon3000_clean,fashionclip2,FITB,blank_category,リュック,323,,accuracy,0.4148606811145511
iqon3000_clean,fashionclip2,FITB,blank_category,リング,237,,accuracy,0.43037974683544306
iqon3000_clean,fashionclip2,FITB,blank_category,レッグウェア,294,,accuracy,0.4013605442176871
iqon3000_clean,fashionclip2,FITB,blank_category,ロングスカート,177,,accuracy,0.3333333333333333
iqon3000_clean,fashionclip2,FITB,blank_category,ロングパンツ,1568,,accuracy,0.4030612244897959
iqon3000_clean,fashionclip2,FITB,blank_category,ワンピース,1108,,accuracy,0.44855595667870035
iqon3000_clean,fashionclip2,FITB,blank_category,帽子,105,,accuracy,0.4095238095238095
iqon3000_clean,fashionclip2,FITB,blank_category,腕時計,315,,accuracy,0.4253968253968254
iqon3000_clean,fashionclip2,FITB,blank_category,靴,259,,accuracy,0.40540540540540543
iqon3000_clean,marqo_fashionsiglip,CP,outfit_length,2,10846,5423.0,roc_auc,0.6363705220275107
iqon3000_clean,marqo_fashionsiglip,CP,outfit_length,3,10772,5386.0,roc_auc,0.7145741445171009
iqon3000_clean,marqo_fashionsiglip,CP,outfit_length,4,8752,4376.0,roc_auc,0.7570903093656942
iqon3000_clean,marqo_fashionsiglip,CP,outfit_length,5,7542,3771.0,roc_auc,0.7773164348419292
iqon3000_clean,marqo_fashionsiglip,CP,outfit_length,6+,11688,5844.0,roc_auc,0.8106978392341888
iqon3000_clean,marqo_fashionsiglip,CP,contains_category,<missing>,1000,500.0,roc_auc,0.8414999999999999
iqon3000_clean,marqo_fashionsiglip,CP,contains_category,Tシャツ,6454,3227.0,roc_auc,0.7498898308152788
iqon3000_clean,marqo_fashionsiglip,CP,contains_category,アクセサリー,244,122.0,roc_auc,0.7758667024993281
iqon3000_clean,marqo_fashionsiglip,CP,contains_category,アンダーウェア,228,114.0,roc_auc,0.8206371191135735
iqon3000_clean,marqo_fashionsiglip,CP,contains_category,インテリア,526,263.0,roc_auc,0.7661090951148635
iqon3000_clean,marqo_fashionsiglip,CP,contains_category,カーディガン,2912,1456.0,roc_auc,0.712119139445719
iqon3000_clean,marqo_fashionsiglip,CP,contains_category,キャップ,1584,792.0,roc_auc,0.7865763059891847
iqon3000_clean,marqo_fashionsiglip,CP,contains_category,クラッチバッグ,5264,2632.0,roc_auc,0.7356793809646991
iqon3000_clean,marqo_fashionsiglip,CP,contains_category,コスメ,1572,786.0,roc_auc,0.7449465519362377
iqon3000_clean,marqo_fashionsiglip,CP,contains_category,コート,6724,3362.0,roc_auc,0.756539388858435
iqon3000_clean,marqo_fashionsiglip,CP,contains_category,サングラス,2016,1008.0,roc_auc,0.7331664147140338
iqon3000_clean,marqo_fashionsiglip,CP,contains_category,サンダル,7022,3511.0,roc_auc,0.7752930307084679
iqon3000_clean,marqo_fashionsiglip,CP,contains_category,ショルダーバッグ,9372,4686.0,roc_auc,0.7431609015439784
iqon3000_clean,marqo_fashionsiglip,CP,contains_category,ショートパンツ,2752,1376.0,roc_auc,0.7320685378921039
iqon3000_clean,marqo_fashionsiglip,CP,contains_category,ジャケット,4344,2172.0,roc_auc,0.7718563145881451
iqon3000_clean,marqo_fashionsiglip,CP,contains_category,スカート,10548,5274.0,roc_auc,0.7415745331776191
iqon3000_clean,marqo_fashionsiglip,CP,contains_category,ストール,2954,1477.0,roc_auc,0.756400671272305
iqon3000_clean,marqo_fashionsiglip,CP,contains_category,スニーカー,5912,2956.0,roc_auc,0.749923494518614
iqon3000_clean,marqo_fashionsiglip,CP,contains_category,タンクトップ,3390,1695.0,roc_auc,0.7088170134266147
iqon3000_clean,marqo_fashionsiglip,CP,contains_category,ダウンジャケット,484,242.0,roc_auc,0.7684755139676251
iqon3000_clean,marqo_fashionsiglip,CP,contains_category,チュニック,320,160.0,roc_auc,0.7409765625
iqon3000_clean,marqo_fashionsiglip,CP,contains_category,トップス,3024,1512.0,roc_auc,0.729052063212116
iqon3000_clean,marqo_fashionsiglip,CP,contains_category,トートバッグ,5620,2810.0,roc_auc,0.767846405187371
iqon3000_clean,marqo_fashionsiglip,CP,contains_category,ニット,7678,3839.0,roc_auc,0.7311678492509222
iqon3000_clean,marqo_fashionsiglip,CP,contains_category,ニット帽,1110,555.0,roc_auc,0.7437026215404594
iqon3000_clean,marqo_fashionsiglip,CP,contains_category,ネイル,408,204.0,roc_auc,0.7656430219146482
iqon3000_clean,marqo_fashionsiglip,CP,contains_category,ネックレス,8532,4266.0,roc_auc,0.7568093940047331
iqon3000_clean,marqo_fashionsiglip,CP,contains_category,ハット,3502,1751.0,roc_auc,0.7806721198068755
iqon3000_clean,marqo_fashionsiglip,CP,contains_category,ハンドバッグ,2922,1461.0,roc_auc,0.7554003919380508
iqon3000_clean,marqo_fashionsiglip,CP,contains_category,バッグ,1482,741.0,roc_auc,0.7680050848599751
iqon3000_clean,marqo_fashionsiglip,CP,contains_category,パンプス,9260,4630.0,roc_auc,0.7598828188777296
iqon3000_clean,marqo_fashionsiglip,CP,contains_category,パーカー,838,419.0,roc_auc,0.7806631313332688
iqon3000_clean,marqo_fashionsiglip,CP,contains_category,ピアス,15250,7625.0,roc_auc,0.761848096748186
iqon3000_clean,marqo_fashionsiglip,CP,contains_category,ファッション小物,274,137.0,roc_auc,0.7251851457190048
iqon3000_clean,marqo_fashionsiglip,CP,contains_category,フレグランス,448,224.0,roc_auc,0.7552415497448981
iqon3000_clean,marqo_fashionsiglip,CP,contains_category,ブラウス,8214,4107.0,roc_auc,0.7447414543835289
iqon3000_clean,marqo_fashionsiglip,CP,contains_category,ブレスレット,4770,2385.0,roc_auc,0.7498820809655034
iqon3000_clean,marqo_fashionsiglip,CP,contains_category,ブローチ,524,262.0,roc_auc,0.8140696929083386
iqon3000_clean,marqo_fashionsiglip,CP,contains_category,ブーツ,4594,2297.0,roc_auc,0.7673409070793064
iqon3000_clean,marqo_fashionsiglip,CP,contains_category,ヘアアクセサリー,2894,1447.0,roc_auc,0.7809924400936283
iqon3000_clean,marqo_fashionsiglip,CP,contains_category,ベルト,1176,588.0,roc_auc,0.7383179462261096
iqon3000_clean,marqo_fashionsiglip,CP,contains_category,ボストンバッグ,1076,538.0,roc_auc,0.742433769572007
iqon3000_clean,marqo_fashionsiglip,CP,contains_category,ボディケア,296,148.0,roc_auc,0.7352994886778671
iqon3000_clean,marqo_fashionsiglip,CP,contains_category,メガネ,1462,731.0,roc_auc,0.7126362140949658
iqon3000_clean,marqo_fashionsiglip,CP,contains_category,リュック,2654,1327.0,roc_auc,0.7669985558759043
iqon3000_clean,marqo_fashionsiglip,CP,contains_category,リング,2102,1051.0,roc_auc,0.7786522011115325
iqon3000_clean,marqo_fashionsiglip,CP,contains_category,ルームウェア,310,155.0,roc_auc,0.751675338189386
iqon3000_clean,marqo_fashionsiglip,CP,contains_category,ルームシューズ,216,108.0,roc_auc,0.6767832647462277
iqon3000_clean,marqo_fashionsiglip,CP,contains_category,レッグウェア,2586,1293.0,roc_auc,0.7759444782393625
iqon3000_clean,marqo_fashionsiglip,CP,contains_category,ロングスカート,1326,663.0,roc_auc,0.7199734285174796
iqon3000_clean,marqo_fashionsiglip,CP,contains_category,ロングパンツ,12504,6252.0,roc_auc,0.7487691334806131
iqon3000_clean,marqo_fashionsiglip,CP,contains_category,ワンピース,7768,3884.0,roc_auc,0.7552290762705484
iqon3000_clean,marqo_fashionsiglip,CP,contains_category,傘,440,220.0,roc_auc,0.6778925619834711
iqon3000_clean,marqo_fashionsiglip,CP,contains_category,小物,734,367.0,roc_auc,0.7636109853068922
iqon3000_clean,marqo_fashionsiglip,CP,contains_category,帽子,1122,561.0,roc_auc,0.7906208991455924
iqon3000_clean,marqo_fashionsiglip,CP,contains_category,手袋,396,198.0,roc_auc,0.8159626568717477
iqon3000_clean,marqo_fashionsiglip,CP,contains_category,水着,274,137.0,roc_auc,0.7493739677127178
iqon3000_clean,marqo_fashionsiglip,CP,contains_category,腕時計,3248,1624.0,roc_auc,0.7901084259506418
iqon3000_clean,marqo_fashionsiglip,CP,contains_category,財布,572,286.0,roc_auc,0.7939997065871194
iqon3000_clean,marqo_fashionsiglip,CP,contains_category,靴,1918,959.0,roc_auc,0.753290543133978
iqon3000_clean,marqo_fashionsiglip,FITB,outfit_length,2,5423,,accuracy,0.3835515397381523
iqon3000_clean,marqo_fashionsiglip,FITB,outfit_length,3,5386,,accuracy,0.43204604530263646
iqon3000_clean,marqo_fashionsiglip,FITB,outfit_length,4,4376,,accuracy,0.46526508226691043
iqon3000_clean,marqo_fashionsiglip,FITB,outfit_length,5,3771,,accuracy,0.462211614956245
iqon3000_clean,marqo_fashionsiglip,FITB,outfit_length,6+,5844,,accuracy,0.48802190280629704
iqon3000_clean,marqo_fashionsiglip,FITB,blank_category,<missing>,108,,accuracy,0.5833333333333334
iqon3000_clean,marqo_fashionsiglip,FITB,blank_category,Tシャツ,813,,accuracy,0.45387453874538747
iqon3000_clean,marqo_fashionsiglip,FITB,blank_category,カーディガン,364,,accuracy,0.43131868131868134
iqon3000_clean,marqo_fashionsiglip,FITB,blank_category,キャップ,190,,accuracy,0.47368421052631576
iqon3000_clean,marqo_fashionsiglip,FITB,blank_category,クラッチバッグ,777,,accuracy,0.44272844272844275
iqon3000_clean,marqo_fashionsiglip,FITB,blank_category,コスメ,199,,accuracy,0.4271356783919598
iqon3000_clean,marqo_fashionsiglip,FITB,blank_category,コート,795,,accuracy,0.45031446540880504
iqon3000_clean,marqo_fashionsiglip,FITB,blank_category,サングラス,252,,accuracy,0.373015873015873
iqon3000_clean,marqo_fashionsiglip,FITB,blank_category,サンダル,889,,accuracy,0.46569178852643417
iqon3000_clean,marqo_fashionsiglip,FITB,blank_category,ショルダーバッグ,1214,,accuracy,0.4588138385502471
iqon3000_clean,marqo_fashionsiglip,FITB,blank_category,ショートパンツ,398,,accuracy,0.4824120603015075
iqon3000_clean,marqo_fashionsiglip,FITB,blank_category,ジャケット,493,,accuracy,0.4746450304259635
iqon3000_clean,marqo_fashionsiglip,FITB,blank_category,スカート,1329,,accuracy,0.41384499623777277
iqon3000_clean,marqo_fashionsiglip,FITB,blank_category,ストール,330,,accuracy,0.37575757575757573
iqon3000_clean,marqo_fashionsiglip,FITB,blank_category,スニーカー,743,,accuracy,0.46567967698519513
iqon3000_clean,marqo_fashionsiglip,FITB,blank_category,タンクトップ,489,,accuracy,0.4049079754601227
iqon3000_clean,marqo_fashionsiglip,FITB,blank_category,トップス,431,,accuracy,0.46635730858468677
iqon3000_clean,marqo_fashionsiglip,FITB,blank_category,トートバッグ,661,,accuracy,0.4689863842662632
iqon3000_clean,marqo_fashionsiglip,FITB,blank_category,ニット,980,,accuracy,0.376530612244898
iqon3000_clean,marqo_fashionsiglip,FITB,blank_category,ニット帽,140,,accuracy,0.37142857142857144
iqon3000_clean,marqo_fashionsiglip,FITB,blank_category,ネックレス,1026,,accuracy,0.45419103313840153
iqon3000_clean,marqo_fashionsiglip,FITB,blank_category,ハット,434,,accuracy,0.46774193548387094
iqon3000_clean,marqo_fashionsiglip,FITB,blank_category,ハンドバッグ,350,,accuracy,0.44857142857142857
iqon3000_clean,marqo_fashionsiglip,FITB,blank_category,バッグ,176,,accuracy,0.5170454545454546
iqon3000_clean,marqo_fashionsiglip,FITB,blank_category,パンプス,1070,,accuracy,0.46822429906542057
iqon3000_clean,marqo_fashionsiglip,FITB,blank_category,ピアス,1836,,accuracy,0.46568627450980393
iqon3000_clean,marqo_fashionsiglip,FITB,blank_category,ブラウス,991,,accuracy,0.42684157416750756
iqon3000_clean,marqo_fashionsiglip,FITB,blank_category,ブレスレット,552,,accuracy,0.4076086956521739
iqon3000_clean,marqo_fashionsiglip,FITB,blank_category,ブーツ,583,,accuracy,0.4236706689536878
iqon3000_clean,marqo_fashionsiglip,FITB,blank_category,ヘアアクセサリー,319,,accuracy,0.5109717868338558
iqon3000_clean,marqo_fashionsiglip,FITB,blank_category,ベルト,126,,accuracy,0.42857142857142855
iqon3000_clean,marqo_fashionsiglip,FITB,blank_category,ボストンバッグ,153,,accuracy,0.4444444444444444
iqon3000_clean,marqo_fashionsiglip,FITB,blank_category,メガネ,175,,accuracy,0.37142857142857144
iqon3000_clean,marqo_fashionsiglip,FITB,blank_category,リュック,323,,accuracy,0.39009287925696595
iqon3000_clean,marqo_fashionsiglip,FITB,blank_category,リング,237,,accuracy,0.5063291139240507
iqon3000_clean,marqo_fashionsiglip,FITB,blank_category,レッグウェア,294,,accuracy,0.43537414965986393
iqon3000_clean,marqo_fashionsiglip,FITB,blank_category,ロングスカート,177,,accuracy,0.4180790960451977
iqon3000_clean,marqo_fashionsiglip,FITB,blank_category,ロングパンツ,1568,,accuracy,0.43494897959183676
iqon3000_clean,marqo_fashionsiglip,FITB,blank_category,ワンピース,1108,,accuracy,0.48465703971119134
iqon3000_clean,marqo_fashionsiglip,FITB,blank_category,帽子,105,,accuracy,0.45714285714285713
iqon3000_clean,marqo_fashionsiglip,FITB,blank_category,腕時計,315,,accuracy,0.42857142857142855
iqon3000_clean,marqo_fashionsiglip,FITB,blank_category,靴,259,,accuracy,0.444015444015444
iqon3000_clean,gr_lite,CP,outfit_length,2,10846,5423.0,roc_auc,0.5779652839448863
iqon3000_clean,gr_lite,CP,outfit_length,3,10772,5386.0,roc_auc,0.6299119417990199
iqon3000_clean,gr_lite,CP,outfit_length,4,8752,4376.0,roc_auc,0.675818366091929
iqon3000_clean,gr_lite,CP,outfit_length,5,7542,3771.0,roc_auc,0.7063884305697693
iqon3000_clean,gr_lite,CP,outfit_length,6+,11688,5844.0,roc_auc,0.7487935817918868
iqon3000_clean,gr_lite,CP,contains_category,<missing>,1000,500.0,roc_auc,0.7365139999999999
iqon3000_clean,gr_lite,CP,contains_category,Tシャツ,6454,3227.0,roc_auc,0.6637594709728085
iqon3000_clean,gr_lite,CP,contains_category,アクセサリー,244,122.0,roc_auc,0.6638000537489922
iqon3000_clean,gr_lite,CP,contains_category,アンダーウェア,228,114.0,roc_auc,0.7693136349646045
iqon3000_clean,gr_lite,CP,contains_category,インテリア,526,263.0,roc_auc,0.744119475487574
iqon3000_clean,gr_lite,CP,contains_category,カーディガン,2912,1456.0,roc_auc,0.667709072349354
iqon3000_clean,gr_lite,CP,contains_category,キャップ,1584,792.0,roc_auc,0.7090730537700234
iqon3000_clean,gr_lite,CP,contains_category,クラッチバッグ,5264,2632.0,roc_auc,0.6681251212571946
iqon3000_clean,gr_lite,CP,contains_category,コスメ,1572,786.0,roc_auc,0.7204773096620891
iqon3000_clean,gr_lite,CP,contains_category,コート,6724,3362.0,roc_auc,0.6662089875966156
iqon3000_clean,gr_lite,CP,contains_category,サングラス,2016,1008.0,roc_auc,0.672120063303099
iqon3000_clean,gr_lite,CP,contains_category,サンダル,7022,3511.0,roc_auc,0.6946843062544774
iqon3000_clean,gr_lite,CP,contains_category,ショルダーバッグ,9372,4686.0,roc_auc,0.6723969966021506
iqon3000_clean,gr_lite,CP,contains_category,ショートパンツ,2752,1376.0,roc_auc,0.6544833144605191
iqon3000_clean,gr_lite,CP,contains_category,ジャケット,4344,2172.0,roc_auc,0.6815204562335297
iqon3000_clean,gr_lite,CP,contains_category,スカート,10548,5274.0,roc_auc,0.6682012840806187
iqon3000_clean,gr_lite,CP,contains_category,ストール,2954,1477.0,roc_auc,0.702764437236452
iqon3000_clean,gr_lite,CP,contains_category,スニーカー,5912,2956.0,roc_auc,0.6588321315239664
iqon3000_clean,gr_lite,CP,contains_category,タンクトップ,3390,1695.0,roc_auc,0.6501969178827194
iqon3000_clean,gr_lite,CP,contains_category,ダウンジャケット,484,242.0,roc_auc,0.6579297862167884
iqon3000_clean,gr_lite,CP,contains_category,チュニック,320,160.0,roc_auc,0.623203125
iqon3000_clean,gr_lite,CP,contains_category,トップス,3024,1512.0,roc_auc,0.6435088953276784
iqon3000_clean,gr_lite,CP,contains_category,トートバッグ,5620,2810.0,roc_auc,0.6951363964488799
iqon3000_clean,gr_lite,CP,contains_category,ニット,7678,3839.0,roc_auc,0.6632058212281093
iqon3000_clean,gr_lite,CP,contains_category,ニット帽,1110,555.0,roc_auc,0.6687574060547035
iqon3000_clean,gr_lite,CP,contains_category,ネイル,408,204.0,roc_auc,0.7159986543637062
iqon3000_clean,gr_lite,CP,contains_category,ネックレス,8532,4266.0,roc_auc,0.6915564997959202
iqon3000_clean,gr_lite,CP,contains_category,ハット,3502,1751.0,roc_auc,0.7022160136281757
iqon3000_clean,gr_lite,CP,contains_category,ハンドバッグ,2922,1461.0,roc_auc,0.6930355803480033
iqon3000_clean,gr_lite,CP,contains_category,バッグ,1482,741.0,roc_auc,0.7106765668453288
iqon3000_clean,gr_lite,CP,contains_category,パンプス,9260,4630.0,roc_auc,0.6846731570329665
iqon3000_clean,gr_lite,CP,contains_category,パーカー,838,419.0,roc_auc,0.6715842356787669
iqon3000_clean,gr_lite,CP,contains_category,ピアス,15250,7625.0,roc_auc,0.7040706304756785
iqon3000_clean,gr_lite,CP,contains_category,ファッション小物,274,137.0,roc_auc,0.7113325163833981
iqon3000_clean,gr_lite,CP,contains_category,フレグランス,448,224.0,roc_auc,0.7464724170918369
iqon3000_clean,gr_lite,CP,contains_category,ブラウス,8214,4107.0,roc_auc,0.6711193850356387
iqon3000_clean,gr_lite,CP,contains_category,ブレスレット,4770,2385.0,roc_auc,0.6969036913975801
iqon3000_clean,gr_lite,CP,contains_category,ブローチ,524,262.0,roc_auc,0.7583474156517687
iqon3000_clean,gr_lite,CP,contains_category,ブーツ,4594,2297.0,roc_auc,0.6843686442292184
iqon3000_clean,gr_lite,CP,contains_category,ヘアアクセサリー,2894,1447.0,roc_auc,0.7270548555288472
iqon3000_clean,gr_lite,CP,contains_category,ベルト,1176,588.0,roc_auc,0.6989766995233468
iqon3000_clean,gr_lite,CP,contains_category,ボストンバッグ,1076,538.0,roc_auc,0.6268535537098714
iqon3000_clean,gr_lite,CP,contains_category,ボディケア,296,148.0,roc_auc,0.7639243973703432
iqon3000_clean,gr_lite,CP,contains_category,メガネ,1462,731.0,roc_auc,0.6173990991109006
iqon3000_clean,gr_lite,CP,contains_category,リュック,2654,1327.0,roc_auc,0.675363401931594
iqon3000_clean,gr_lite,CP,contains_category,リング,2102,1051.0,roc_auc,0.682111459250897
iqon3000_clean,gr_lite,CP,contains_category,ルームウェア,310,155.0,roc_auc,0.7813943808532777
iqon3000_clean,gr_lite,CP,contains_category,ルームシューズ,216,108.0,roc_auc,0.7368827160493828
iqon3000_clean,gr_lite,CP,contains_category,レッグウェア,2586,1293.0,roc_auc,0.6934489897113914
iqon3000_clean,gr_lite,CP,contains_category,ロングスカート,1326,663.0,roc_auc,0.6498046950535639
iqon3000_clean,gr_lite,CP,contains_category,ロングパンツ,12504,6252.0,roc_auc,0.6583380842122842
iqon3000_clean,gr_lite,CP,contains_category,ワンピース,7768,3884.0,roc_auc,0.684176202562256
iqon3000_clean,gr_lite,CP,contains_category,傘,440,220.0,roc_auc,0.6931818181818181
iqon3000_clean,gr_lite,CP,contains_category,小物,734,367.0,roc_auc,0.7526524066553318
iqon3000_clean,gr_lite,CP,contains_category,帽子,1122,561.0,roc_auc,0.7033054673822211
iqon3000_clean,gr_lite,CP,contains_category,手袋,396,198.0,roc_auc,0.7173757779818386
iqon3000_clean,gr_lite,CP,contains_category,水着,274,137.0,roc_auc,0.6692951142841919
iqon3000_clean,gr_lite,CP,contains_category,腕時計,3248,1624.0,roc_auc,0.7115871987915262
iqon3000_clean,gr_lite,CP,contains_category,財布,572,286.0,roc_auc,0.761198591618172
iqon3000_clean,gr_lite,CP,contains_category,靴,1918,959.0,roc_auc,0.663962830590172
iqon3000_clean,gr_lite,FITB,outfit_length,2,5423,,accuracy,0.33616079660704407
iqon3000_clean,gr_lite,FITB,outfit_length,3,5386,,accuracy,0.3642777571481619
iqon3000_clean,gr_lite,FITB,outfit_length,4,4376,,accuracy,0.38391224862888484
iqon3000_clean,gr_lite,FITB,outfit_length,5,3771,,accuracy,0.409440466719703
iqon3000_clean,gr_lite,FITB,outfit_length,6+,5844,,accuracy,0.4267624914442163
iqon3000_clean,gr_lite,FITB,blank_category,<missing>,108,,accuracy,0.5
iqon3000_clean,gr_lite,FITB,blank_category,Tシャツ,813,,accuracy,0.34071340713407133
iqon3000_clean,gr_lite,FITB,blank_category,カーディガン,364,,accuracy,0.37362637362637363
iqon3000_clean,gr_lite,FITB,blank_category,キャップ,190,,accuracy,0.4052631578947368
iqon3000_clean,gr_lite,FITB,blank_category,クラッチバッグ,777,,accuracy,0.3886743886743887
iqon3000_clean,gr_lite,FITB,blank_category,コスメ,199,,accuracy,0.39195979899497485
iqon3000_clean,gr_lite,FITB,blank_category,コート,795,,accuracy,0.39245283018867927
iqon3000_clean,gr_lite,FITB,blank_category,サングラス,252,,accuracy,0.3531746031746032
iqon3000_clean,gr_lite,FITB,blank_category,サンダル,889,,accuracy,0.40719910011248595
iqon3000_clean,gr_lite,FITB,blank_category,ショルダーバッグ,1214,,accuracy,0.39209225700164746
iqon3000_clean,gr_lite,FITB,blank_category,ショートパンツ,398,,accuracy,0.3768844221105528
iqon3000_clean,gr_lite,FITB,blank_category,ジャケット,493,,accuracy,0.385395537525355
iqon3000_clean,gr_lite,FITB,blank_category,スカート,1329,,accuracy,0.34838224228743414
iqon3000_clean,gr_lite,FITB,blank_category,ストール,330,,accuracy,0.3696969696969697
iqon3000_clean,gr_lite,FITB,blank_category,スニーカー,743,,accuracy,0.3714670255720054
iqon3000_clean,gr_lite,FITB,blank_category,タンクトップ,489,,accuracy,0.3169734151329243
iqon3000_clean,gr_lite,FITB,blank_category,トップス,431,,accuracy,0.35498839907192575
iqon3000_clean,gr_lite,FITB,blank_category,トートバッグ,661,,accuracy,0.4175491679273828
iqon3000_clean,gr_lite,FITB,blank_category,ニット,980,,accuracy,0.3551020408163265
iqon3000_clean,gr_lite,FITB,blank_category,ニット帽,140,,accuracy,0.36428571428571427
iqon3000_clean,gr_lite,FITB,blank_category,ネックレス,1026,,accuracy,0.3840155945419103
iqon3000_clean,gr_lite,FITB,blank_category,ハット,434,,accuracy,0.39631336405529954
iqon3000_clean,gr_lite,FITB,blank_category,ハンドバッグ,350,,accuracy,0.3942857142857143
iqon3000_clean,gr_lite,FITB,blank_category,バッグ,176,,accuracy,0.4034090909090909
iqon3000_clean,gr_lite,FITB,blank_category,パンプス,1070,,accuracy,0.4224299065420561
iqon3000_clean,gr_lite,FITB,blank_category,ピアス,1836,,accuracy,0.41830065359477125
iqon3000_clean,gr_lite,FITB,blank_category,ブラウス,991,,accuracy,0.33703329969727547
iqon3000_clean,gr_lite,FITB,blank_category,ブレスレット,552,,accuracy,0.3786231884057971
iqon3000_clean,gr_lite,FITB,blank_category,ブーツ,583,,accuracy,0.36363636363636365
iqon3000_clean,gr_lite,FITB,blank_category,ヘアアクセサリー,319,,accuracy,0.45768025078369906
iqon3000_clean,gr_lite,FITB,blank_category,ベルト,126,,accuracy,0.42063492063492064
iqon3000_clean,gr_lite,FITB,blank_category,ボストンバッグ,153,,accuracy,0.4117647058823529
iqon3000_clean,gr_lite,FITB,blank_category,メガネ,175,,accuracy,0.33714285714285713
iqon3000_clean,gr_lite,FITB,blank_category,リュック,323,,accuracy,0.39009287925696595
iqon3000_clean,gr_lite,FITB,blank_category,リング,237,,accuracy,0.47257383966244726
iqon3000_clean,gr_lite,FITB,blank_category,レッグウェア,294,,accuracy,0.336734693877551
iqon3000_clean,gr_lite,FITB,blank_category,ロングスカート,177,,accuracy,0.384180790960452
iqon3000_clean,gr_lite,FITB,blank_category,ロングパンツ,1568,,accuracy,0.3762755102040816
iqon3000_clean,gr_lite,FITB,blank_category,ワンピース,1108,,accuracy,0.37093862815884476
iqon3000_clean,gr_lite,FITB,blank_category,帽子,105,,accuracy,0.4380952380952381
iqon3000_clean,gr_lite,FITB,blank_category,腕時計,315,,accuracy,0.33650793650793653
iqon3000_clean,gr_lite,FITB,blank_category,靴,259,,accuracy,0.3861003861003861
